"County Code","County","CO 2nd Max 1-hr","CO 2nd Max 8-hr","NO2 98th Percentile 1-hr","NO2 Mean 1-hr","Ozone 2nd Max 1-hr","Ozone 4th Max 8-hr","SO2 99th Percentile 1-hr","SO2 2nd Max 24-hr","SO2 Mean 1-hr","PM2.5 98th Percentile 24-hr","PM2.5 Weighted Mean 24-hr","PM10 2nd Max 24-hr","PM10 Mean 24-hr","Lead Max 3-Mo Avg"
"01003","Baldwin County, AL",".",".",".",".","0.09","0.074",".",".",".","20","10.2",".",".","."
"01027","Clay County, AL",".",".",".",".",".",".",".",".",".","22","10.5",".",".","."
"01033","Colbert County, AL",".",".",".",".","0.08","0.068",".",".",".","22","11.1",".",".","."
"01049","DeKalb County, AL",".",".",".",".","0.08","0.071",".",".",".",".",".",".",".","."
"01051","Elmore County, AL",".",".",".",".","0.08","0.073",".",".",".",".",".",".",".","."
"01055","Etowah County, AL",".",".",".",".","0.08","0.065",".",".",".","29","14.1",".",".","."
"01069","Houston County, AL",".",".",".",".","0.08","0.067",".",".",".",".",".",".",".","."
"01073","Jefferson County, AL","6.5","2.2",".",".","0.1","0.077","33","7","2","30","14.4","128","31","."
"01089","Madison County, AL",".",".",".",".","0.08","0.071",".",".",".","20","11.6","37","18","."
"01097","Mobile County, AL",".",".",".",".","0.09","0.077",".",".",".","18","9.8","72","18","."
"01101","Montgomery County, AL",".",".",".",".","0.09","0.072",".",".",".","24","12.4","61","25","."
"01103","Morgan County, AL",".",".",".",".","0.08","0.07",".",".",".","21","11.2",".",".","."
"01113","Russell County, AL",".",".",".",".","0.08","0.069",".",".",".","27","13.1",".",".","."
"01117","Shelby County, AL",".",".",".",".","0.1","0.074",".",".",".",".",".",".",".","."
"01119","Sumter County, AL",".",".",".",".","0.07","0.067",".",".",".",".",".",".",".","."
"01121","Talladega County, AL",".",".",".",".",".",".",".",".",".","21","11.7",".",".","."
"01125","Tuscaloosa County, AL",".",".",".",".","0.07","0.06",".",".",".","26","14.6",".",".","."
"01127","Walker County, AL",".",".",".",".",".",".",".",".",".","19","11.3",".",".","."
"02020","Anchorage Borough, AK","8.1","6.1",".",".","0.05","0.045",".",".",".","23","6.2","89","19","."
"02068","Denali Borough, AK",".",".",".",".","0.06","0.052",".",".",".",".",".",".",".","."
"02090","Fairbanks North Star Borough, AK","6.4","4.1",".",".",".",".",".",".",".","81","13.5",".",".","."
"02110","Juneau Borough, AK",".",".",".",".",".",".",".",".",".","27","8.8","27","9","."
"02170","Matanuska-Susitna Borough, AK",".",".",".",".",".",".",".",".",".",".",".","45","11","."
"04001","Apache County, AZ",".",".",".",".",".",".",".",".",".","6","3","40","16","."
"04003","Cochise County, AZ",".",".",".",".","0.08","0.071",".",".",".","14","6.8","38","17","."
"04005","Coconino County, AZ",".",".",".",".","0.08","0.069",".",".",".","10","5.1","25","14","."
"04007","Gila County, AZ",".",".",".",".","0.09","0.07","314","44","10",".",".","88","33","."
"04013","Maricopa County, AZ","8.9","3.2","68","25","0.1","0.079","10","5","2","24","9.2","135","39","."
"04015","Mohave County, AZ",".",".",".",".",".",".",".",".",".",".",".","33","17","."
"04017","Navajo County, AZ",".",".",".",".","0.08","0.068",".",".",".",".",".","33","15","."
"04019","Pima County, AZ","2.5","1.3","46","12","0.08","0.069","10","1","1","12","5.2","66","30","."
"04021","Pinal County, AZ",".",".",".",".","0.09","0.073",".",".",".","27","12.4","226","82","."
"04023","Santa Cruz County, AZ",".",".",".",".",".",".",".",".",".","33","10.3","84","37","."
"04025","Yavapai County, AZ",".",".",".",".","0.07","0.067",".",".",".","7","3.9","31","11","."
"04027","Yuma County, AZ",".",".",".",".","0.09","0.076",".",".",".","14","7.4","113","34","."
"05001","Arkansas County, AR",".",".",".",".",".",".",".",".",".","23","11.4",".",".","."
"05003","Ashley County, AR",".",".",".",".",".",".",".",".",".","21","11.1",".",".","."
"05019","Clark County, AR",".",".",".",".","0.08","0.072",".",".",".",".",".",".",".","."
"05035","Crittenden County, AR",".",".","51","10","0.1","0.078",".",".",".","23","11.8",".",".","."
"05045","Faulkner County, AR",".",".",".",".",".",".",".",".",".","19","11",".",".","."
"05051","Garland County, AR",".",".",".",".",".",".",".",".",".","21","11",".",".","."
"05067","Jackson County, AR",".",".",".",".",".",".",".",".",".","27","11",".",".","."
"05101","Newton County, AR",".",".",".",".","0.07","0.07",".",".",".",".",".",".",".","."
"05107","Phillips County, AR",".",".",".",".",".",".",".",".",".","21","11.5",".",".","."
"05113","Polk County, AR",".",".",".",".","0.08","0.073",".",".",".","22","11",".",".","."
"05115","Pope County, AR",".",".",".",".",".",".",".",".",".","22","11.3",".",".","."
"05119","Pulaski County, AR","1.9","1.6","51","10","0.09","0.073","9","4","2","23","12.6","38","23","."
"05139","Union County, AR",".",".",".",".",".",".","26","4","2","23","11.6",".",".","."
"05143","Washington County, AR",".",".",".",".","0.08","0.067",".",".",".","23","11.1",".",".","."
"05145","White County, AR",".",".",".",".",".",".",".",".",".","21","11.6",".",".","."
"06001","Alameda County, CA","2.7","1.7","54","16","0.1","0.074","10","3","1","27","7.8","40","20","."
"06005","Amador County, CA",".",".",".",".","0.09","0.075",".",".",".",".",".",".",".","."
"06007","Butte County, CA","2.3","1.6","32","7","0.08","0.076",".",".",".","29","8","32","16","."
"06009","Calaveras County, CA",".",".",".",".","0.1","0.079",".",".",".",".",".","23","11","."
"06011","Colusa County, CA",".",".",".",".","0.07","0.06",".",".",".",".",".","48","17","."
"06013","Contra Costa County, CA","1.6","0.9","32","8","0.1","0.078","15","5","1","27","7.1","45","18","."
"06015","Del Norte County, CA",".",".",".",".",".",".",".",".",".",".",".","35","15","."
"06017","El Dorado County, CA",".",".",".",".","0.1","0.081",".",".",".",".",".",".",".","."
"06019","Fresno County, CA","2.9","2","54","13","0.13","0.103","7","3","1","49","14.6","61","28","."
"06021","Glenn County, CA",".",".",".",".","0.07","0.061",".",".",".",".",".","40","16","."
"06023","Humboldt County, CA","1.1","0.8","19","3","0.05","0.045","3","3","1","18","5.6","61","18","."
"06025","Imperial County, CA","6.1","4.4","56","14","0.15","0.078","7","3","0","32","12.8","89","37","0.02"
"06027","Inyo County, CA",".",".",".",".","0.08","0.069",".",".",".","29","7.5","2519","56","."
"06029","Kern County, CA","1.6","0.8","63","14","0.14","0.1",".",".",".","53","14.2","88","34","."
"06031","Kings County, CA",".",".",".",".","0.11","0.087",".",".",".","51","19.5","120","34","."
"06033","Lake County, CA",".",".",".",".","0.07","0.056",".",".",".","6","3.1",".",".","."
"06037","Los Angeles County, CA","5.5","3.6","73","26","0.12","0.09","16","5","1","32","12.6","71","33","0.39"
"06039","Madera County, CA",".",".","34","8","0.1","0.078",".",".",".",".",".",".",".","."
"06041","Marin County, CA","1.6","1","42","12","0.08","0.053",".",".",".",".",".","31","16","."
"06043","Mariposa County, CA",".",".",".",".","0.1","0.077",".",".",".",".",".","58","22","."
"06045","Mendocino County, CA",".",".",".",".","0.09","0.047",".",".",".","18","7.7","57","21","."
"06047","Merced County, CA",".",".","38","7","0.12","0.09",".",".",".","36","11.2","53","25","."
"06051","Mono County, CA",".",".",".",".",".",".",".",".",".",".",".","3096","61","."
"06053","Monterey County, CA","1.3","0.8","31","6","0.08","0.064",".",".",".","14","6.6","51","20","."
"06055","Napa County, CA","2","1.2","34","9","0.09","0.067",".",".",".",".",".","34","17","."
"06057","Nevada County, CA",".",".","20","4","0.09","0.077",".",".",".","10","4.7",".",".","."
"06059","Orange County, CA","3.2","1.9","56","17","0.11","0.071","6","2","1","25","10.2","42","22","."
"06061","Placer County, CA",".",".","54","10","0.1","0.085",".",".",".","20","6.6","33","15","."
"06063","Plumas County, CA",".",".",".",".",".",".",".",".",".","36","9.7",".",".","."
"06065","Riverside County, CA","2.3","1.8","53","17","0.13","0.099","10","4","1","36","15.2","91","43","0.01"
"06067","Sacramento County, CA","2.2","1.9","52","12","0.12","0.096","1","1","0","27","8.7","54","21","."
"06069","San Benito County, CA",".",".",".",".","0.09","0.071",".",".",".","13","5.7","30","13","."
"06071","San Bernardino County, CA","5.3","1.6","65","23","0.14","0.109","11","7","1","31","13","66","34","0.01"
"06073","San Diego County, CA","3.8","2.4","74","21","0.11","0.081","18","7","2","23","10.8","101","46","."
"06075","San Francisco County, CA","1.7","1","77","13","0.07","0.046",".",".",".","24","10.5","36","19","."
"06077","San Joaquin County, CA","2.4","1.2","49","14","0.11","0.075",".",".",".",".",".","49","19","."
"06079","San Luis Obispo County, CA",".",".","36","6","0.1","0.083","4","1","0","22","8.2","112","24","."
"06081","San Mateo County, CA","3","1.7","45","12","0.1","0.056",".",".",".","33","8.3",".",".","."
"06083","Santa Barbara County, CA","2.8","1","43","9","0.09","0.075","5","3","1",".",".","51","20","."
"06085","Santa Clara County, CA","2.6","1.8","51","14","0.11","0.08","4","2","0","29","8.8","37","18","."
"06087","Santa Cruz County, CA","0.7","0.6",".","2","0.08","0.054",".",".",".","13","6.5","30","14","."
"06089","Shasta County, CA",".",".",".",".","0.09","0.074",".",".",".","13","6.3","29","15","."
"06093","Siskiyou County, CA",".",".",".",".","0.07","0.059",".",".",".",".",".","19","10","."
"06095","Solano County, CA","2.6","1.9","39","9","0.1","0.07","7","2","1","23","7.7","32","12","."
"06097","Sonoma County, CA","1.8","1.1","35","8","0.07","0.054",".",".",".","22","7.2","30","11","."
"06099","Stanislaus County, CA","2.3","1.8","39","10","0.11","0.087",".",".",".","39","12","68","24","."
"06101","Sutter County, CA",".",".","45","8","0.09","0.068",".",".",".","17","5.9","38","16","."
"06103","Tehama County, CA",".",".",".",".","0.09","0.077",".",".",".",".",".","38","18","."
"06107","Tulare County, CA",".",".","56","13","0.11","0.096",".",".",".","36","13.6","71","34","."
"06109","Tuolumne County, CA",".",".",".",".","0.1","0.072",".",".",".",".",".",".",".","."
"06111","Ventura County, CA",".",".","41","10","0.1","0.082",".",".",".","21","8.7","45","21","."
"06113","Yolo County, CA",".",".",".","6","0.08","0.069",".",".",".","19","5.7","49","18","."
"08001","Adams County, CO","2.3","1.8",".","16",".",".","37","9","1","23","8.6","68","28","."
"08003","Alamosa County, CO",".",".",".",".",".",".",".",".",".",".",".","260","24","."
"08005","Arapahoe County, CO",".",".",".",".","0.09","0.075",".",".",".","15","6.5",".",".","."
"08013","Boulder County, CO","4.4","1.9",".",".","0.09","0.072",".",".",".","23","7.1","36","18","."
"08029","Delta County, CO",".",".",".",".",".",".",".",".",".",".",".","115","23","."
"08031","Denver County, CO","4","2.4","71","28","0.09","0.069","32","9","2","23","7.8","62","28","0.01"
"08035","Douglas County, CO",".",".",".",".","0.1","0.079",".",".",".","13","5.8",".",".","."
"08039","Elbert County, CO",".",".",".",".",".",".",".",".",".","9","4.3",".",".","."
"08041","El Paso County, CO","3.8","2.1",".",".","0.09","0.072",".",".",".","12","6.2","38","20","."
"08043","Fremont County, CO",".",".",".",".",".",".",".",".",".",".",".","29","15","."
"08045","Garfield County, CO",".",".",".",".","0.09","0.075",".",".",".",".",".","55","26","."
"08051","Gunnison County, CO",".",".",".",".","0.08","0.064",".",".",".",".",".","123","25","."
"08059","Jefferson County, CO",".",".",".",".","0.09","0.076",".",".",".",".",".",".",".","."
"08067","La Plata County, CO","1.2","0.7","39","6","0.08","0.073",".",".",".","8","4.1","226","25","."
"08069","Larimer County, CO","2.9","1.7",".",".","0.09","0.077",".",".",".","22","6.5","36","18","."
"08077","Mesa County, CO","1.7","1.1",".",".","0.08","0.068",".",".",".","37","9","75","23","."
"08083","Montezuma County, CO",".",".",".",".","0.08","0.066",".",".",".","13","6",".",".","."
"08093","Park County, CO",".",".",".",".","0.09","0.072",".",".",".",".",".",".",".","."
"08097","Pitkin County, CO",".",".",".",".","0.09","0.073",".",".",".",".",".","45","16","."
"08099","Prowers County, CO",".",".",".",".",".",".",".",".",".",".",".","131","28","."
"08101","Pueblo County, CO",".",".",".",".",".",".",".",".",".","14","6.2",".",".","."
"08103","Rio Blanco County, CO",".",".",".","1","0.07","0.066",".",".",".",".",".",".",".","."
"08107","Routt County, CO",".",".",".",".",".",".",".",".",".",".",".","90","22","."
"08113","San Miguel County, CO",".",".",".",".",".",".",".",".",".",".",".","133","20","."
"08123","Weld County, CO","3.9","2.3",".",".","0.09","0.073",".",".",".","20","7.6","43","20","."
"09001","Fairfield County, CT","3","1.7","50","10","0.11","0.084","18","10","2","26","9.1","40","16","."
"09003","Hartford County, CT","3.1","2.1","44","10","0.1","0.076","10","6","1","24","8.5",".",".","."
"09005","Litchfield County, CT","1.4","0.6",".",".","0.1","0.072",".",".",".","19","6",".",".","."
"09007","Middlesex County, CT",".",".",".",".","0.1","0.081",".",".",".",".",".",".",".","."
"09009","New Haven County, CT","2.1","1.6","57","14","0.1","0.079","40","12","1","26","9.2","53","18","."
"09011","New London County, CT",".",".",".",".","0.09","0.075",".",".",".","21","7.8",".",".","."
"09013","Tolland County, CT",".",".",".",".","0.11","0.079",".",".",".",".",".",".",".","."
"09015","Windham County, CT",".",".",".",".","0.08","0.073",".",".",".",".",".",".",".","."
"10001","Kent County, DE",".",".",".",".","0.11","0.077",".",".",".","25","9.7",".",".","."
"10003","New Castle County, DE","1.6","1.2","50","13","0.1","0.08","32","14","2","33","12",".",".","."
"10005","Sussex County, DE",".",".",".",".","0.11","0.084",".",".",".","27","9.9",".",".","."
"11001","District of Columbia","3.7","3.1","59","18","0.11","0.086","21","11","3","28","11.4","85","22","."
"12001","Alachua County, FL",".",".",".",".","0.08","0.069",".",".",".","19","8.8",".",".","."
"12003","Baker County, FL",".",".",".",".","0.07","0.065",".",".",".",".",".",".",".","."
"12005","Bay County, FL",".",".",".",".","0.09","0.072",".",".",".",".",".",".",".","."
"12009","Brevard County, FL",".",".",".",".","0.07","0.064","7","3","0",".",".","51","14","."
"12011","Broward County, FL","2.3","1.6","49","7","0.08","0.062","38","6","0","14","7","32","15","."
"12017","Citrus County, FL",".",".",".",".",".",".",".",".",".","16","7.6",".",".","."
"12021","Collier County, FL",".",".",".",".","0.07","0.059",".",".",".",".",".",".",".","."
"12023","Columbia County, FL",".",".",".",".","0.08","0.068",".",".",".",".",".",".",".","."
"12031","Duval County, FL","2.2","1.9","44","9","0.09","0.068","22","5","1","20","9.4","62","22","."
"12033","Escambia County, FL",".",".",".",".","0.09","0.074","45","13","2","19","9.6",".",".","."
"12047","Hamilton County, FL",".",".",".",".",".",".","21","4","0",".",".",".",".","."
"12055","Highlands County, FL",".",".",".",".","0.08","0.066",".",".",".",".",".",".",".","."
"12057","Hillsborough County, FL","1","0.9",".","6","0.09","0.072","104","29","3","15","8.1","62","22","0.73"
"12059","Holmes County, FL",".",".",".",".","0.07","0.065",".",".",".",".",".",".",".","."
"12061","Indian River County, FL",".",".",".",".","0.07","0.065",".",".",".",".",".",".",".","."
"12069","Lake County, FL",".",".",".",".","0.09","0.066",".",".",".",".",".",".",".","."
"12071","Lee County, FL",".",".",".",".","0.07","0.065",".",".",".","19","7","67","16","."
"12073","Leon County, FL",".",".",".",".","0.08","0.065",".",".",".","24","9.9",".",".","."
"12077","Liberty County, FL",".",".",".",".","0.08","0.062",".",".",".",".",".",".",".","."
"12081","Manatee County, FL",".",".",".",".","0.09","0.068",".",".",".",".",".",".",".","."
"12083","Marion County, FL",".",".",".",".","0.08","0.068",".",".",".",".",".",".",".","."
"12086","Miami-Dade County, FL","2.6","1.4","47","10","0.08","0.069","1","0","0","13","8","44","24","."
"12089","Nassau County, FL",".",".",".",".",".",".","216","58","4",".",".",".",".","."
"12091","Okaloosa County, FL",".",".",".",".","0.09","0.069",".",".",".",".",".",".",".","."
"12095","Orange County, FL","1.7","1.3","40","6","0.09","0.071","7","2","0","16","7.8","35","17","."
"12097","Osceola County, FL",".",".",".",".","0.09","0.067",".",".",".",".",".",".",".","."
"12099","Palm Beach County, FL",".",".","46","5","0.08","0.066","8","4","1","17","8.5","35","17","."
"12101","Pasco County, FL",".",".",".",".","0.08","0.067",".",".",".",".",".",".",".","."
"12103","Pinellas County, FL","1.9","1.1","38","6","0.08","0.067","34","6","1","17","8.1","41","21","."
"12105","Polk County, FL",".",".",".",".","0.08","0.068",".",".",".","16","8.1","51","16","."
"12107","Putnam County, FL",".",".",".",".",".",".","33","5","1",".",".","58","18","."
"12111","St. Lucie County, FL",".",".",".",".",".",".",".",".",".","14","7.6",".",".","."
"12113","Santa Rosa County, FL",".",".",".",".","0.1","0.074",".",".",".",".",".",".",".","."
"12115","Sarasota County, FL",".",".",".",".","0.08","0.07",".",".",".","14","7.1","59","19","."
"12117","Seminole County, FL",".",".",".",".","0.07","0.067",".",".",".","14","7.6","46","15","."
"12127","Volusia County, FL",".",".",".",".","0.07","0.066",".",".",".","17","7.5","45","15","."
"12129","Wakulla County, FL",".",".",".",".","0.08","0.068",".",".",".",".",".",".",".","."
"13015","Bartow County, GA",".",".",".",".",".",".",".",".",".",".",".",".",".","0.02"
"13021","Bibb County, GA",".",".",".",".","0.09","0.071","23","6","1","28","13.7","50","24","."
"13051","Chatham County, GA",".",".",".",".","0.08","0.065","83","33","3","24","12.4","33","16","."
"13055","Chattooga County, GA",".",".",".",".","0.08","0.067",".",".",".",".",".","37","18","."
"13059","Clarke County, GA",".",".",".",".","0.09","0.073",".",".",".","23","11.3",".",".","."
"13063","Clayton County, GA",".",".",".",".",".",".",".",".",".","25","13.4",".",".","."
"13067","Cobb County, GA",".",".",".",".","0.1","0.079",".",".",".","23","12.2",".",".","."
"13073","Columbia County, GA",".",".",".",".","0.08","0.068",".",".",".",".",".",".",".","."
"13077","Coweta County, GA",".",".",".",".","0.08","0.065",".",".",".",".",".",".",".","."
"13085","Dawson County, GA",".",".",".",".","0.1","0.073",".",".",".",".",".",".",".","."
"13089","DeKalb County, GA","2.3","1.9","58","14","0.1","0.075",".",".",".","25","13.2","51","19","."
"13095","Dougherty County, GA",".",".",".",".",".",".",".",".",".",".",".","50","21","."
"13097","Douglas County, GA",".",".",".",".","0.09","0.074",".",".",".",".",".",".",".","."
"13115","Floyd County, GA",".",".",".",".",".",".","49","11","2",".",".","47","25","."
"13121","Fulton County, GA","1.7","1.3",".",".","0.11","0.08","33","10","2","24","14.5","48","18","."
"13127","Glynn County, GA",".",".",".",".","0.08","0.066","7","2","1",".",".","37","20","."
"13135","Gwinnett County, GA",".",".",".",".","0.09","0.072",".",".",".","22","12.3",".",".","."
"13139","Hall County, GA",".",".",".",".",".",".",".",".",".","23","11.4",".",".","."
"13151","Henry County, GA",".",".",".",".","0.1","0.078",".",".",".",".",".",".",".","."
"13153","Houston County, GA",".",".",".",".",".",".",".",".",".","26","12.2",".",".","."
"13213","Murray County, GA",".",".",".",".","0.1","0.073",".",".",".",".",".",".",".","."
"13215","Muscogee County, GA",".",".",".",".","0.08","0.068","13","3","1","29","14.9","38","19","0.07"
"13223","Paulding County, GA","0.6","0.5","18","3","0.1","0.071",".",".",".","21","11.1",".",".","."
"13231","Pike County, GA",".",".",".",".","0.09","0.072",".",".",".",".",".",".",".","."
"13245","Richmond County, GA",".",".",".",".","0.09","0.072",".",".",".","27","13.3","42","19","."
"13247","Rockdale County, GA",".",".","24","4","0.1","0.076",".",".",".",".",".",".",".","."
"13261","Sumter County, GA",".",".",".",".","0.08","0.069",".",".",".",".",".",".",".","."
"13295","Walker County, GA",".",".",".",".",".",".",".",".",".","20","8.7",".",".","."
"13303","Washington County, GA",".",".",".",".",".",".",".",".",".",".",".","42","19","."
"13319","Wilkinson County, GA",".",".",".",".",".",".",".",".",".","23","13.7",".",".","."
"15001","Hawaii County, HI",".",".",".",".",".",".","5392","990","73","35","18.2",".",".","."
"15003","Honolulu County, HI","1.5","0.8","24","3","0.05","0.046","18","4","1","13","4.7","70","19","."
"15009","Maui County, HI",".",".",".",".",".",".",".",".",".","14","4.8",".",".","."
"16001","Ada County, ID","7.5","2.3","45","10","0.09","0.069",".",".",".","12","5","55","18","."
"16005","Bannock County, ID",".",".",".",".",".",".",".",".",".",".",".","65","17","."
"16009","Benewah County, ID",".",".",".",".",".",".",".",".",".","27","9.2",".",".","."
"16023","Butte County, ID",".",".",".",".","0.07","0.062",".",".",".",".",".",".",".","."
"16027","Canyon County, ID",".",".",".",".",".",".",".",".",".","15","5.9","66","18","."
"16029","Caribou County, ID",".",".",".",".",".",".","76","24","3",".",".",".",".","."
"16031","Cassia County, ID",".",".",".",".","0.07","0.061",".",".",".",".",".",".",".","."
"16055","Kootenai County, ID",".",".",".",".","0.06","0.056",".",".",".",".",".",".",".","."
"16059","Lemhi County, ID",".",".",".",".",".",".",".",".",".","40","11.5",".",".","."
"16079","Shoshone County, ID",".",".",".",".",".",".",".",".",".","42","14.4","106","15","."
"17001","Adams County, IL",".",".",".",".","0.08","0.067",".",".",".","23","10.5",".",".","."
"17019","Champaign County, IL",".",".",".",".","0.07","0.057",".",".",".","21","10.5",".",".","."
"17023","Clark County, IL",".",".",".",".","0.07","0.066",".",".",".",".",".",".",".","."
"17031","Cook County, IL","3","1.9","71","25","0.1","0.077","90","21","4","35","14","65","27","0.24"
"17043","DuPage County, IL",".",".",".",".","0.08","0.064",".",".",".","28","11.7",".",".","."
"17049","Effingham County, IL",".",".",".",".","0.08","0.072",".",".",".",".",".",".",".","."
"17065","Hamilton County, IL",".",".",".",".","0.08","0.075",".",".",".","25","11.3",".",".","."
"17083","Jersey County, IL",".",".",".",".","0.09","0.072",".",".",".","21","11.2",".",".","."
"17085","Jo Daviess County, IL",".",".",".",".","0.07","0.067",".",".",".",".",".",".",".","."
"17089","Kane County, IL",".",".",".",".","0.08","0.069",".",".",".","32","11.4",".",".","."
"17097","Lake County, IL",".",".",".",".","0.09","0.078",".",".",".","22","9.7",".",".","."
"17099","La Salle County, IL",".",".",".",".",".",".","14","4","1","29","9.5",".",".","."
"17111","McHenry County, IL",".",".",".",".","0.08","0.065",".",".",".","29","10.2",".",".","."
"17113","McLean County, IL",".",".",".",".","0.08","0.066",".",".",".","25","10.6",".",".","."
"17115","Macon County, IL",".",".",".",".","0.08","0.069","49","15","2","22","12.2",".",".","."
"17117","Macoupin County, IL",".",".",".",".","0.09","0.071","15","4","1",".",".","32","17","."
"17119","Madison County, IL",".",".",".",".","0.1","0.08","57","14","2","29","14.6","79","32","0.44"
"17143","Peoria County, IL","2.1","1.6",".",".","0.08","0.069",".",".",".","26","11.5","47","18","0.02"
"17157","Randolph County, IL",".",".",".",".","0.07","0.065","31","7","1","17","10.2",".",".","."
"17161","Rock Island County, IL",".",".",".",".","0.06","0.057",".",".",".",".",".",".",".","."
"17163","Saint Clair County, IL","2","1.5","43","12","0.1","0.072","31","6","2","24","13","62","26","0.03"
"17167","Sangamon County, IL","1.7","1.3",".",".","0.08","0.068","24","7","1","24","11.5",".",".","."
"17179","Tazewell County, IL",".",".",".",".",".",".","228","61","4",".",".",".",".","."
"17185","Wabash County, IL",".",".",".",".",".",".","66","16","3",".",".",".",".","."
"17195","Whiteside County, IL",".",".",".",".",".",".",".",".",".",".",".",".",".","0.02"
"17197","Will County, IL",".",".",".",".","0.08","0.065","24","6","1","28","11.8","43","20","."
"17201","Winnebago County, IL","1.7","1.1",".",".","0.07","0.063",".",".",".",".",".",".",".","."
"18003","Allen County, IN","2.6","2.2",".",".","0.08","0.068",".",".",".","36","15.8",".",".","."
"18011","Boone County, IN",".",".",".",".","0.08","0.072",".",".",".",".",".",".",".","."
"18015","Carroll County, IN",".",".",".",".","0.08","0.072",".",".",".",".",".",".",".","."
"18019","Clark County, IN",".",".",".",".","0.1","0.077",".",".",".","29","14.7",".",".","."
"18027","Daviess County, IN",".",".",".",".",".",".","115","26","5",".",".",".",".","."
"18035","Delaware County, IN",".",".",".",".","0.08","0.067",".",".",".","32","12.8",".",".","."
"18037","Dubois County, IN",".",".",".",".",".",".",".",".",".","27","13.6","36","21","."
"18039","Elkhart County, IN",".",".",".",".","0.07","0.065",".",".",".","32","11.9",".",".","."
"18043","Floyd County, IN",".",".",".",".","0.1","0.072","123","21","4","28","14.5",".",".","."
"18045","Fountain County, IN",".",".",".",".",".",".","26","9","2",".",".",".",".","."
"18051","Gibson County, IN",".",".",".",".",".",".","74","21","4","26","12.2",".",".","."
"18055","Greene County, IN",".",".",".",".","0.08","0.074",".",".",".",".",".",".",".","."
"18057","Hamilton County, IN",".",".",".",".","0.08","0.071",".",".",".",".",".",".",".","."
"18059","Hancock County, IN",".",".",".",".","0.08","0.071",".",".",".",".",".",".",".","."
"18063","Hendricks County, IN",".",".",".",".","0.08","0.067",".",".",".",".",".",".",".","."
"18067","Howard County, IN",".",".",".",".",".",".",".",".",".","30","12.5",".",".","."
"18069","Huntington County, IN",".",".",".",".","0.07","0.062",".",".",".",".",".",".",".","."
"18071","Jackson County, IN",".",".",".",".","0.08","0.069",".",".",".",".",".",".",".","."
"18073","Jasper County, IN",".",".",".",".",".",".","39","10","2",".",".",".",".","."
"18081","Johnson County, IN",".",".",".",".","0.08","0.07",".",".",".",".",".",".",".","."
"18083","Knox County, IN",".",".",".",".","0.08","0.072",".",".",".","28","12.3",".",".","."
"18089","Lake County, IN","5.6","2.4","53","15","0.08","0.069","57","24","2","36","18.6","69","32","0.13"
"18091","LaPorte County, IN",".",".",".",".","0.1","0.07","30","11","2","29","10.7",".",".","."
"18095","Madison County, IN",".",".",".",".","0.08","0.065",".",".",".",".",".",".",".","."
"18097","Marion County, IN","4.3","2.8","54","13","0.08","0.072","103","23","3","37","15.1","83","32","0.08"
"18109","Morgan County, IN",".",".",".",".","0.08","0.063","105","29","3",".",".",".",".","."
"18123","Perry County, IN",".",".",".",".","0.09","0.072",".",".",".",".",".",".",".","."
"18125","Pike County, IN",".",".",".",".",".",".",".",".","8",".",".",".",".","."
"18127","Porter County, IN",".",".",".",".","0.09","0.067",".",".",".","34","13.7","66","21","0.02"
"18129","Posey County, IN",".",".",".",".","0.08","0.069",".",".",".",".",".",".",".","."
"18141","St. Joseph County, IN",".",".",".","11","0.07","0.061",".",".",".","39","14.3",".",".","."
"18145","Shelby County, IN",".",".",".",".","0.08","0.067",".",".",".",".",".",".",".","."
"18147","Spencer County, IN",".",".",".",".",".",".",".",".",".","27","13",".",".","."
"18157","Tippecanoe County, IN",".",".",".",".",".",".",".",".",".","29","13.5",".",".","."
"18163","Vanderburgh County, IN","5.5","4.3","41","11","0.08","0.071","19","7","2","30","13.5","37","20","0.01"
"18167","Vigo County, IN",".",".",".",".","0.08","0.063","169","43","4","31","13.4","44","21","."
"18169","Wabash County, IN",".",".",".",".","0.08","0.069",".",".",".",".",".",".",".","."
"18173","Warrick County, IN",".",".",".",".","0.09","0.071","18","8","2",".",".",".",".","."
"18177","Wayne County, IN",".",".",".",".",".",".","95","22","3",".",".",".",".","."
"19013","Black Hawk County, IA",".",".",".",".",".",".",".",".",".","37","10.9","74","24","."
"19017","Bremer County, IA",".",".",".",".","0.07","0.063",".",".",".",".",".",".",".","."
"19033","Cerro Gordo County, IA",".",".",".",".",".",".",".",".",".",".",".","81","22","."
"19045","Clinton County, IA",".",".",".",".","0.07","0.064",".",".",".","35","12.7",".",".","."
"19055","Delaware County, IA",".",".",".",".",".",".",".",".",".",".",".","51","18","."
"19085","Harrison County, IA",".",".",".",".","0.08","0.067",".",".",".",".",".",".",".","."
"19103","Johnson County, IA",".",".",".",".",".",".",".",".",".","33","11.5","53","23","."
"19111","Lee County, IA",".",".",".",".",".",".",".",".",".","30","11.9",".",".","."
"19113","Linn County, IA","1.4","0.9",".",".","0.07","0.065","29","9","1","36","11.1","68","20","."
"19137","Montgomery County, IA",".",".",".",".","0.08","0.067",".",".",".","27","9.9","44","20","."
"19139","Muscatine County, IA",".",".",".",".",".",".",".",".",".","41","13.9","81","26","."
"19147","Palo Alto County, IA",".",".",".",".","0.07","0.067",".",".",".","21","8.7","94","21","."
"19153","Polk County, IA","1.6","1.1","47","9","0.07","0.057","3","1","0","33","10.3","53","21","."
"19155","Pottawattamie County, IA",".",".",".",".",".",".",".",".",".","32","12.2","65","26","0.26"
"19163","Scott County, IA","0.9","0.6","38","8","0.07","0.065",".",".",".","35","12.9","129","43","."
"19169","Story County, IA",".",".",".",".","0.07","0.061",".",".",".",".",".",".",".","."
"19177","Van Buren County, IA",".",".",".",".","0.07","0.068","5","2","0","30","9.8","47","18","."
"19181","Warren County, IA",".",".",".",".","0.07","0.064",".",".",".",".",".",".",".","."
"19193","Woodbury County, IA",".",".",".",".",".",".",".",".",".","34","10.7","48","20","."
"20057","Ford County, KS",".",".",".",".",".",".",".",".",".",".",".","48","17","."
"20091","Johnson County, KS",".",".",".",".","0.08","0.071",".",".",".",".",".",".",".","."
"20103","Leavenworth County, KS",".",".",".",".","0.09","0.07",".",".",".",".",".",".",".","."
"20107","Linn County, KS",".",".","12","2","0.07","0.067",".",".",".","22","9.1",".",".","."
"20125","Montgomery County, KS",".",".",".",".",".",".","28","22","4",".",".",".",".","."
"20133","Neosho County, KS",".",".",".",".",".",".",".",".",".",".",".","49","22","."
"20161","Riley County, KS",".",".",".",".","0.09","0.068",".",".",".",".",".",".",".","."
"20173","Sedgwick County, KS","5.7","2.7","39","8","0.09","0.075",".",".",".","22","8.8","57","21","."
"20177","Shawnee County, KS",".",".",".",".","0.09","0.069",".",".",".","21","9","70","27","."
"20191","Sumner County, KS",".",".","26","4","0.09","0.075","12","2","1","19","8.4",".",".","."
"20195","Trego County, KS",".",".",".",".","0.08","0.071",".",".",".",".",".",".",".","."
"20209","Wyandotte County, KS","2.1","1.6","54","13","0.07","0.058","49","13","5","25","10.8","65","30","."
"21013","Bell County, KY",".",".",".",".","0.08","0.068",".",".",".","28","12.9",".",".","."
"21015","Boone County, KY",".",".",".",".","0.08","0.067",".",".",".",".",".",".",".","."
"21019","Boyd County, KY",".",".","37","8","0.08","0.072","34","10","2","26","11.2","90","30","."
"21029","Bullitt County, KY",".",".",".",".","0.09","0.074",".",".",".","24","13.4",".",".","."
"21037","Campbell County, KY",".",".","39","5","0.09","0.073","99","17","4","26","11.8",".",".","."
"21043","Carter County, KY",".",".",".",".","0.08","0.071",".",".",".","20","9.9","27","14","."
"21047","Christian County, KY",".",".",".",".","0.08","0.074",".",".",".","22","11.2",".",".","."
"21059","Daviess County, KY",".",".","38","7","0.08","0.072","68","11","3","28","12.9",".",".","."
"21061","Edmonson County, KY","0.4","0.3",".",".","0.08","0.075","15","6","1",".",".",".",".","."
"21067","Fayette County, KY",".",".","56","9","0.08","0.071","40","8","2","23","12.2","35","19","."
"21073","Franklin County, KY",".",".",".",".",".",".",".",".",".","23","11.4",".",".","."
"21089","Greenup County, KY",".",".",".",".","0.09","0.071","41","11","2",".",".",".",".","."
"21091","Hancock County, KY",".",".",".",".","0.09","0.073",".",".",".",".",".",".",".","."
"21093","Hardin County, KY",".",".",".",".","0.08","0.071",".",".",".","21","11.9",".",".","."
"21101","Henderson County, KY",".",".",".",".","0.08","0.074","22","7","2","24","12.5","37","20","."
"21111","Jefferson County, KY","2.9","2.2",".",".","0.12","0.085","107","15","4",".",".","74","22","."
"21113","Jessamine County, KY",".",".",".",".","0.08","0.069","48","11","2",".",".",".",".","."
"21139","Livingston County, KY",".",".",".",".","0.08","0.067","15","5","1",".",".",".",".","."
"21145","McCracken County, KY",".",".","47","7","0.09","0.073","25","7","1","25","11.4","32","17","."
"21151","Madison County, KY",".",".",".",".",".",".",".",".",".","21","10.7",".",".","0.12"
"21157","Marshall County, KY",".",".",".",".",".",".",".",".",".",".",".","30","17","."
"21175","Morgan County, KY",".",".",".",".","0.08","0.077",".",".",".",".",".",".",".","."
"21185","Oldham County, KY",".",".",".",".","0.11","0.078",".",".",".",".",".",".",".","."
"21193","Perry County, KY",".",".",".",".","0.08","0.071",".",".",".",".",".",".",".","."
"21195","Pike County, KY",".",".",".",".","0.08","0.07",".",".",".","24","10.7",".",".","."
"21199","Pulaski County, KY",".",".",".",".","0.07","0.066",".",".",".",".",".",".",".","."
"21213","Simpson County, KY",".",".",".",".","0.08","0.073",".",".",".",".",".",".",".","."
"21221","Trigg County, KY",".",".",".",".","0.09","0.074",".",".",".",".",".",".",".","."
"21227","Warren County, KY",".",".",".",".","0.08","0.068",".",".",".","23","11.5",".",".","."
"21229","Washington County, KY",".",".",".",".","0.08","0.075",".",".",".",".",".",".",".","."
"22005","Ascension Parish, LA",".",".","42","8","0.09","0.078",".",".",".",".",".",".",".","."
"22015","Bossier Parish, LA",".",".",".",".","0.1","0.079",".",".",".",".",".","54","20","."
"22017","Caddo Parish, LA",".",".",".",".","0.09","0.077",".",".",".","21","11",".",".","."
"22019","Calcasieu Parish, LA",".",".","37","7","0.1","0.078","34","14","3","22","9.6",".",".","."
"22033","East Baton Rouge Parish, LA","2.5","2","56","13","0.11","0.08","42","11","1","20","10.8","74","28","."
"22047","Iberville Parish, LA",".",".","36","7","0.1","0.074",".",".",".","22","10.6",".",".","."
"22051","Jefferson Parish, LA",".",".","47","8","0.1","0.081",".",".",".","19","9.6",".",".","."
"22055","Lafayette Parish, LA",".",".",".",".","0.09","0.074",".",".",".","23","9.7","72","24","."
"22057","Lafourche Parish, LA",".",".",".",".","0.09","0.074",".",".",".",".",".",".",".","."
"22063","Livingston Parish, LA",".",".","20","3","0.09","0.076",".",".",".",".",".",".",".","."
"22071","Orleans Parish, LA",".",".",".",".","0.09","0.072",".",".",".",".",".","73","24","."
"22073","Ouachita Parish, LA",".",".",".",".","0.08","0.07",".",".",".","19","9.5",".",".","."
"22077","Pointe Coupee Parish, LA",".",".",".",".","0.09","0.075",".",".",".",".",".",".",".","."
"22079","Rapides Parish, LA",".",".",".",".",".",".",".",".",".","20","9.2",".",".","."
"22087","St. Bernard Parish, LA",".",".",".",".","0.09","0.074","248","76","8","18","10.1","64","22","."
"22089","St. Charles Parish, LA",".",".",".",".","0.09","0.075",".",".",".",".",".",".",".","."
"22093","St. James Parish, LA",".",".",".",".","0.09","0.069",".",".",".",".",".",".",".","."
"22095","St. John the Baptist Parish, LA",".",".",".",".","0.09","0.073",".",".",".",".",".",".",".","."
"22103","St. Tammany Parish, LA",".",".",".",".","0.1","0.076",".",".",".",".",".",".",".","."
"22105","Tangipahoa Parish, LA",".",".",".",".",".",".",".",".",".","17","9",".",".","."
"22109","Terrebonne Parish, LA",".",".",".",".",".",".",".",".",".","17","8.8",".",".","."
"22121","West Baton Rouge Parish, LA",".",".","49","11","0.09","0.069","87","20","5","21","11.2",".",".","."
"23001","Androscoggin County, ME",".",".",".",".","0.07","0.058",".",".",".",".",".","43","13","."
"23003","Aroostook County, ME","0.5","0.4",".","2","0.07","0.053","7","2","0",".",".","79","17","."
"23005","Cumberland County, ME","2","1.3","44","10","0.09","0.072","21","10","2",".",".",".",".","."
"23009","Hancock County, ME","0.3","0.3",".",".","0.1","0.076","3","1","0",".",".","25","6","."
"23011","Kennebec County, ME",".",".",".",".","0.08","0.059",".",".",".",".",".","43","13","."
"23013","Knox County, ME",".",".",".",".","0.09","0.07",".",".",".",".",".",".",".","."
"23017","Oxford County, ME",".",".",".",".","0.07","0.054",".",".",".",".",".",".",".","."
"23019","Penobscot County, ME",".",".",".",".","0.08","0.059",".",".",".",".",".","43","15","."
"23023","Sagadahoc County, ME",".",".",".",".","0.08","0.061",".",".",".",".",".",".",".","."
"23029","Washington County, ME",".",".",".",".","0.08","0.061",".",".",".",".",".",".",".","."
"23031","York County, ME",".",".",".",".","0.09","0.072",".",".",".",".",".",".",".","."
"24003","Anne Arundel County, MD",".",".",".",".","0.11","0.087",".",".",".","28","11","45","16","."
"24005","Baltimore County, MD","2.7","1.9","54","13","0.11","0.084","20","7","2","32","11.6",".",".","."
"24009","Calvert County, MD",".",".",".",".","0.11","0.087",".",".",".",".",".",".",".","."
"24013","Carroll County, MD",".",".",".",".","0.09","0.083",".",".",".",".",".",".",".","."
"24015","Cecil County, MD",".",".",".",".","0.11","0.082",".",".",".",".",".",".",".","."
"24017","Charles County, MD",".",".",".",".","0.1","0.082",".",".",".",".",".",".",".","."
"24019","Dorchester County, MD",".",".",".",".","0.09","0.075",".",".",".",".",".",".",".","."
"24021","Frederick County, MD",".",".",".",".","0.1","0.083",".",".",".",".",".",".",".","."
"24023","Garrett County, MD","0.4","0.4",".",".","0.09","0.078","24","10","2",".",".",".",".","."
"24025","Harford County, MD",".",".",".",".","0.12","0.096",".",".",".","22","9.5",".",".","."
"24029","Kent County, MD",".",".",".",".","0.1","0.074",".",".",".",".",".",".",".","."
"24031","Montgomery County, MD",".",".",".",".","0.1","0.077",".",".",".","28","11.1",".",".","."
"24033","Prince George's County, MD","1.3","1",".",".","0.11","0.085","10","7","1","27","12.1",".",".","."
"24043","Washington County, MD",".",".",".",".","0.09","0.078",".",".",".",".",".",".",".","."
"24047","Worcester County, MD",".",".",".",".","0.09","0.075",".",".",".",".",".",".",".","."
"24510","Baltimore (City), MD","1.9","1.4","61","18","0.1","0.074",".",".",".","30","12.7",".",".","."
"25001","Barnstable County, MA",".",".",".",".","0.1","0.078",".",".",".",".",".",".",".","."
"25003","Berkshire County, MA",".",".",".",".","0.08","0.07",".",".",".","25","8.9",".",".","."
"25005","Bristol County, MA",".",".",".",".","0.09","0.077","84","33","3","24","7.7",".",".","."
"25007","Dukes County, MA",".",".",".",".","0.1","0.08",".",".",".",".",".",".",".","."
"25009","Essex County, MA","0.8","0.6","42","7","0.09","0.072",".",".",".","21","7.9",".",".","."
"25013","Hampden County, MA","2","1.7","48","15","0.11","0.074","13","7","2","26","9.2","33","15","."
"25015","Hampshire County, MA",".",".","26","3","0.1","0.076","6","6","1",".",".","28","9","."
"25017","Middlesex County, MA","1.6","1.1",".",".","0.09","0.069",".",".",".","20","7","28","11","."
"25021","Norfolk County, MA",".",".",".",".","0.09","0.073",".",".",".",".",".",".",".","."
"25023","Plymouth County, MA",".",".",".",".",".",".",".",".",".","23","7.9",".",".","."
"25025","Suffolk County, MA","2.5","1.8","53","19","0.09","0.07","25","9","3","25","10","41","16","."
"25027","Worcester County, MA","1.8","1.4","48","14","0.09","0.071","12","7","2","22","8.7","42","16","."
"26005","Allegan County, MI",".",".",".",".","0.08","0.073",".",".",".","25","8.5",".",".","."
"26017","Bay County, MI",".",".",".",".",".",".",".",".",".","31","8.2",".",".","."
"26019","Benzie County, MI",".",".",".",".","0.08","0.072",".",".",".",".",".",".",".","."
"26021","Berrien County, MI",".",".",".",".","0.09","0.072",".",".",".","23","8.7",".",".","."
"26027","Cass County, MI",".",".",".",".","0.08","0.069",".",".",".",".",".",".",".","."
"26033","Chippewa County, MI",".",".",".",".","0.06","0.057",".",".",".",".",".",".",".","."
"26037","Clinton County, MI",".",".",".",".","0.08","0.065",".",".",".",".",".",".",".","."
"26049","Genesee County, MI",".",".",".",".","0.08","0.07",".",".",".","25","8.9",".",".","."
"26063","Huron County, MI",".",".",".",".","0.08","0.069",".",".",".",".",".",".",".","."
"26065","Ingham County, MI",".",".",".",".","0.08","0.065",".",".",".","24","9",".",".","."
"26067","Ionia County, MI",".",".",".",".",".",".",".",".",".",".",".",".",".","0.28"
"26077","Kalamazoo County, MI",".",".",".",".","0.08","0.067",".",".",".","22","9.3",".",".","."
"26081","Kent County, MI","1.8","1.3",".",".","0.08","0.069","18","5","1","24","10","37","14","0.01"
"26091","Lenawee County, MI",".",".",".",".","0.07","0.066",".",".",".","22","8.9",".",".","."
"26099","Macomb County, MI",".",".",".",".","0.1","0.076",".",".",".","26","8.9",".",".","."
"26101","Manistee County, MI",".",".",".",".","0.08","0.068",".",".",".","22","6.6",".",".","."
"26105","Mason County, MI",".",".",".",".","0.08","0.07",".",".",".",".",".",".",".","."
"26113","Missaukee County, MI",".",".",".",".","0.07","0.065",".",".",".","18","5.9",".",".","."
"26115","Monroe County, MI",".",".",".",".",".",".",".",".",".","26","9.4",".",".","."
"26121","Muskegon County, MI",".",".",".",".","0.09","0.076",".",".",".","23","8.3",".",".","."
"26125","Oakland County, MI",".",".",".",".","0.08","0.073",".",".",".","27","9.1",".",".","."
"26139","Ottawa County, MI",".",".",".",".","0.08","0.072",".",".",".","23","9.1",".",".","."
"26147","St. Clair County, MI",".",".",".",".","0.09","0.076",".",".",".","26","8.9",".",".","."
"26153","Schoolcraft County, MI",".",".",".",".","0.09","0.075",".",".",".",".",".",".",".","."
"26157","Tuscola County, MI",".",".",".",".","0.07","0.067",".",".",".",".",".",".",".","."
"26161","Washtenaw County, MI",".",".",".",".","0.08","0.066",".",".",".","23","9.4",".",".","."
"26163","Wayne County, MI","2.2","1.2","54","12","0.1","0.078","107","49","3","32","12.3","73","21","0.01"
"26165","Wexford County, MI",".",".",".",".","0.07","0.067",".",".",".",".",".",".",".","."
"27003","Anoka County, MN",".",".","51","9","0.08","0.067",".",".",".","25","8.3",".",".","0.03"
"27005","Becker County, MN",".",".",".",".","0.07","0.062",".",".",".",".",".",".",".","."
"27017","Carlton County, MN",".",".","14","2","0.06","0.057",".",".",".",".",".",".",".","."
"27035","Crow Wing County, MN",".",".",".",".","0.07","0.06",".",".",".",".",".",".",".","."
"27037","Dakota County, MN","1.7","1.6","44","10",".",".","19","5","1",".",".",".",".","0.26"
"27049","Goodhue County, MN",".",".",".",".","0.07","0.06",".",".",".",".",".",".",".","."
"27053","Hennepin County, MN","2.5","1.8",".",".",".",".","29","10","1","28","9.1","52","24","."
"27075","Lake County, MN",".",".",".",".","0.07","0.061",".",".",".",".",".","92","20","."
"27083","Lyon County, MN",".",".",".",".","0.07","0.065",".",".",".",".",".",".",".","."
"27095","Mille Lacs County, MN",".",".",".",".","0.07","0.059",".",".",".",".",".",".",".","."
"27109","Olmsted County, MN",".",".",".",".","0.07","0.061",".",".",".","29","9.3",".",".","."
"27123","Ramsey County, MN","4.4","2.2",".",".",".",".",".",".",".","36","10.2","74","29","."
"27137","Saint Louis County, MN","2.6","1.9",".",".","0.08","0.067","9","2","0","24","6.4","47","25","."
"27139","Scott County, MN",".",".",".",".","0.07","0.06",".",".",".","29","9",".",".","."
"27145","Stearns County, MN",".",".",".",".","0.07","0.058",".",".",".","28","8.2",".",".","0"
"27163","Washington County, MN",".",".",".",".","0.09","0.062","17","4","0",".",".",".",".","."
"27171","Wright County, MN",".",".",".",".","0.08","0.063",".",".",".",".",".",".",".","."
"28001","Adams County, MS",".",".",".",".","0.08","0.067",".",".",".","20","10.4",".",".","."
"28011","Bolivar County, MS",".",".",".",".","0.08","0.073",".",".",".","22","10.6",".",".","."
"28033","DeSoto County, MS",".",".",".",".","0.09","0.076",".",".",".","19","10.2",".",".","."
"28035","Forrest County, MS",".",".",".",".",".",".",".",".",".","23","12",".",".","."
"28043","Grenada County, MS",".",".",".",".",".",".",".",".",".","19","9.8",".",".","."
"28045","Hancock County, MS",".",".",".",".","0.08","0.068",".",".",".","20","10.2",".",".","."
"28047","Harrison County, MS",".",".",".",".","0.09","0.073",".",".",".","16","9.6",".",".","."
"28049","Hinds County, MS","1","0.7",".",".","0.08","0.067",".",".",".","22","11.4",".",".","."
"28059","Jackson County, MS",".",".","35","6","0.09","0.073","38","7","1","19","9.5",".",".","."
"28067","Jones County, MS",".",".",".",".",".",".",".",".",".","25","12.3",".",".","."
"28075","Lauderdale County, MS",".",".",".",".","0.07","0.062",".",".",".","22","11.2",".",".","."
"28081","Lee County, MS",".",".",".",".","0.08","0.068",".",".",".","22","12",".",".","."
"28161","Yalobusha County, MS",".",".",".",".","0.08","0.073",".",".",".",".",".",".",".","."
"29003","Andrew County, MO",".",".",".",".","0.09","0.072",".",".",".",".",".",".",".","."
"29019","Boone County, MO",".",".",".",".","0.08","0.069",".",".",".",".",".",".",".","."
"29021","Buchanan County, MO",".",".",".",".",".",".",".",".",".","26","11.9","92","31","."
"29027","Callaway County, MO",".",".",".",".","0.08","0.068",".",".",".",".",".",".",".","."
"29037","Cass County, MO",".",".",".",".","0.08","0.067",".",".",".","23","10.3",".",".","."
"29039","Cedar County, MO",".",".",".",".","0.08","0.068",".",".",".","24","10.9",".",".","."
"29047","Clay County, MO",".",".",".",".","0.09","0.076",".",".",".","23","9.6",".",".","."
"29049","Clinton County, MO",".",".",".",".","0.1","0.076",".",".",".",".",".",".",".","."
"29077","Greene County, MO","1.7","1",".",".","0.08","0.069","98","39","3","22","9.9","32","17","."
"29093","Iron County, MO",".",".",".",".",".",".",".",".",".",".",".",".",".","0.72"
"29095","Jackson County, MO",".",".","52","15",".",".",".",".",".","31","11","52","25","."
"29097","Jasper County, MO",".",".",".",".","0.09","0.072",".",".",".",".",".",".",".","0.02"
"29099","Jefferson County, MO",".",".",".",".","0.1","0.077","199","58","10","24","10.5",".",".","1.12"
"29113","Lincoln County, MO",".",".",".",".","0.1","0.079",".",".",".",".",".",".",".","."
"29137","Monroe County, MO",".",".",".",".","0.08","0.07",".",".",".",".",".",".",".","."
"29157","Perry County, MO",".",".",".",".","0.08","0.077",".",".",".",".",".",".",".","."
"29179","Reynolds County, MO",".",".",".",".",".",".",".",".",".",".",".",".",".","0.27"
"29183","Saint Charles County, MO",".",".",".",".","0.1","0.084",".",".",".",".",".",".",".","."
"29186","Sainte Genevieve County, MO",".",".",".",".","0.08","0.072",".",".",".",".",".",".",".","."
"29187","Saint Francois County, MO",".",".",".",".",".",".",".",".",".",".",".",".",".","0.05"
"29189","Saint Louis County, MO","0.8","0.6",".",".","0.09","0.076",".",".",".","27","11.2",".",".","."
"29213","Taney County, MO",".",".",".",".","0.08","0.067",".",".",".",".",".",".",".","."
"29510","St. Louis City, MO","2.2","1.7",".","13","0.09","0.071","49","12","3","27","14","131","38","."
"30013","Cascade County, MT","3.5","1.9",".",".",".",".",".",".",".",".",".",".",".","."
"30029","Flathead County, MT","2.1","1.4",".",".","0.06","0.055",".",".",".","29","9","94","21","."
"30031","Gallatin County, MT","6.6","1.6",".","2",".",".",".",".",".","35","9.2",".",".","."
"30035","Glacier County, MT",".",".",".",".","0.06","0.058",".",".",".",".",".",".",".","."
"30047","Lake County, MT",".",".",".",".",".",".",".",".",".",".",".","76","15","."
"30049","Lewis and Clark County, MT",".",".",".",".",".",".",".",".",".","54","10.6",".",".","."
"30053","Lincoln County, MT",".",".",".",".",".",".",".",".",".","32","11.4","89","23","."
"30063","Missoula County, MT","2.6","2.2",".",".","0.06","0.054",".",".",".","38","9.6","55","17","."
"30075","Powder River County, MT",".",".",".",".","0.07","0.057",".",".",".","14","5.2",".",".","."
"30081","Ravalli County, MT",".",".",".",".",".",".",".",".",".","35","8.9",".",".","."
"30083","Richland County, MT",".",".",".",".","0.06","0.057",".",".",".",".",".",".",".","."
"30087","Rosebud County, MT",".",".","15","3","0.07","0.059","16","6","2",".",".","86","17","."
"30089","Sanders County, MT",".",".",".",".",".",".",".",".",".","13","5.7","20","10","."
"30093","Silver Bow County, MT",".",".",".",".",".",".",".",".",".",".",".","82","30","."
"30111","Yellowstone County, MT","6.3","1.9",".",".",".",".","91","31","4",".",".",".",".","."
"31055","Douglas County, NE","2.2","1.7",".",".","0.08","0.064","58","26","2","28","10.3","145","43","."
"31079","Hall County, NE",".",".",".",".",".",".",".",".",".","21","7.3",".",".","."
"31107","Knox County, NE",".",".",".",".","0.07","0.065",".",".",".",".",".",".",".","."
"31109","Lancaster County, NE","2.9","1.6",".",".","0.06","0.05",".",".",".","26","9.1",".",".","."
"31157","Scotts Bluff County, NE",".",".",".",".",".",".",".",".",".","14","5.3",".",".","."
"31177","Washington County, NE",".",".",".",".",".",".",".",".",".","26","9.7",".",".","."
"32001","Churchill County, NV",".",".",".",".","0.07","0.062",".",".",".",".",".",".",".","."
"32003","Clark County, NV","3.6","3","56","13","0.09","0.074",".",".",".","22","7.4","61","24","."
"32005","Douglas County, NV","5.7","3.1",".",".",".",".",".",".",".",".",".",".",".","."
"32019","Lyon County, NV",".",".",".",".","0.07","0.063",".",".",".",".",".",".",".","."
"32023","Nye County, NV",".",".",".",".",".",".",".",".",".",".",".","95","25","."
"32031","Washoe County, NV","3.1","2.6","55","16","0.08","0.07",".",".",".","25","6.1","77","36","."
"32033","White Pine County, NV",".",".",".",".","0.08","0.069",".",".",".",".",".",".",".","."
"32510","Carson City, NV",".",".",".",".","0.07","0.064",".",".",".",".",".",".",".","."
"33001","Belknap County, NH",".",".",".",".","0.08","0.064",".",".",".","18","5.4",".",".","."
"33005","Cheshire County, NH",".",".",".",".","0.08","0.064",".",".",".","24","8.3",".",".","."
"33007","Coos County, NH",".",".",".",".","0.09","0.073",".",".",".",".",".",".",".","."
"33009","Grafton County, NH",".",".",".",".","0.07","0.061",".",".",".","20","6.6",".",".","."
"33011","Hillsborough County, NH","3.1","2.4","42","8","0.1","0.077","58","12","1","25","8","29","11","."
"33013","Merrimack County, NH",".",".",".",".","0.08","0.068","220","109","10","23","8.6",".",".","."
"33015","Rockingham County, NH",".",".",".",".","0.09","0.066","45","11","2",".",".","33","12","."
"34001","Atlantic County, NJ",".",".",".",".","0.09","0.08","10","6","1","21","9.2",".",".","."
"34003","Bergen County, NJ","2.3","1.6","64","16","0.11","0.076","9","5","0","25","8.8",".",".","."
"34007","Camden County, NJ","0.7","0.4",".",".","0.11","0.088","10","6","1","23","9.5","85","30","."
"34011","Cumberland County, NJ",".",".",".",".","0.09","0.077","10","6","1",".",".",".",".","."
"34013","Essex County, NJ","3.3","2.2","64","18","0.1","0.085","18","10","2","24","9.2",".",".","."
"34015","Gloucester County, NJ",".",".",".",".","0.11","0.083","15","9","1",".",".",".",".","."
"34017","Hudson County, NJ","2.8","1.6","68","18","0.11","0.082","26","10","2","27","10.6",".",".","."
"34019","Hunterdon County, NJ",".",".",".",".","0.1","0.081",".",".",".",".",".",".",".","."
"34021","Mercer County, NJ",".",".","40","8","0.1","0.086",".",".",".","27","9.5","53","21","."
"34023","Middlesex County, NJ","3.2","1.5","45","10","0.11","0.086","17","7","1","19","7.4",".",".","."
"34025","Monmouth County, NJ","5.7","1.9",".",".","0.11","0.086",".",".",".",".",".",".",".","."
"34027","Morris County, NJ","1.4","1","36","4","0.09","0.078","26","11","1","23","8.5",".",".","."
"34029","Ocean County, NJ",".",".",".",".","0.11","0.087",".",".",".","24","8.7",".",".","."
"34031","Passaic County, NJ",".",".",".",".","0.1","0.077",".",".",".",".",".",".",".","."
"34039","Union County, NJ","2.8","2.2","71","22",".",".","30","9","1","28","11.1",".",".","."
"34041","Warren County, NJ",".",".",".",".",".",".",".",".",".","26","9.4",".",".","."
"35001","Bernalillo County, NM","3.4","2.6","53","12","0.08","0.069",".",".",".","15","5.3","122","30","."
"35013","Dona Ana County, NM",".",".","51","9","0.1","0.07",".",".",".",".",".","589","50","."
"35015","Eddy County, NM",".",".",".","2","0.08","0.069",".",".",".",".",".",".",".","."
"35017","Grant County, NM",".",".",".",".","0.09","0.07","1","1","0","11","4.5","20","11","."
"35025","Lea County, NM",".",".","41","6","0.06","0.053",".",".",".",".",".",".",".","."
"35029","Luna County, NM",".",".","28","5","0.07","0.058",".",".",".",".",".","519","24","."
"35043","Sandoval County, NM",".",".",".",".","0.07","0.063",".",".",".",".",".","83","43","."
"35045","San Juan County, NM",".",".","40","12","0.08","0.069","163","23","2",".",".",".",".","."
"35049","Santa Fe County, NM",".",".",".",".","0.07","0.064",".",".",".","8","4","27","12","."
"35061","Valencia County, NM",".",".",".",".","0.07","0.063",".",".",".",".",".",".",".","."
"36001","Albany County, NY","1","0.9",".",".","0.09","0.073","14","7","2","28","8.5",".",".","."
"36005","Bronx County, NY","2","1.5","70","20","0.1","0.073","50","24","5","27","11.4",".",".","."
"36013","Chautauqua County, NY",".",".",".",".","0.09","0.08","30","8","2","24","7.5",".",".","."
"36015","Chemung County, NY",".",".",".",".","0.08","0.067","11","6","2",".",".",".",".","."
"36027","Dutchess County, NY",".",".",".",".","0.1","0.076",".",".",".",".",".",".",".","."
"36029","Erie County, NY","1.6","1.3","59","13","0.08","0.072","31","8","2","30","10.2",".",".","."
"36031","Essex County, NY",".",".",".",".","0.09","0.073","5","2","1","16","4.3",".",".","."
"36033","Franklin County, NY",".",".","19","2","0.06","0.047","14","14","1",".",".",".",".","."
"36041","Hamilton County, NY",".",".",".",".","0.08","0.068","4","3","0",".",".",".",".","."
"36043","Herkimer County, NY",".",".",".",".","0.08","0.065","4","3","1",".",".",".",".","."
"36045","Jefferson County, NY",".",".",".",".","0.09","0.077",".",".",".",".",".",".",".","."
"36047","Kings County, NY",".",".",".",".",".",".",".",".",".","25","9.9",".",".","."
"36053","Madison County, NY",".",".",".",".","0.08","0.071","7","5","1",".",".",".",".","."
"36055","Monroe County, NY","1.6","1.3",".",".","0.08","0.072","25","9","2","23","8.3",".",".","."
"36059","Nassau County, NY",".",".","57","15",".",".","18","10","2","20","8.7",".",".","."
"36061","New York County, NY","2.3","1.8",".",".","0.1","0.074",".",".",".","27","11.5",".",".","."
"36063","Niagara County, NY","1.3","1.1",".",".","0.08","0.071","16","7","2","25","8.3",".",".","."
"36065","Oneida County, NY",".",".",".",".","0.08","0.063",".",".",".",".",".",".",".","."
"36067","Onondaga County, NY","1.8","1.4",".",".","0.09","0.073","10","4","1","23","7.6",".",".","."
"36071","Orange County, NY",".",".",".",".","0.1","0.075",".",".",".","27","8.1",".",".","0.04"
"36075","Oswego County, NY",".",".",".",".","0.08","0.071",".",".",".",".",".",".",".","."
"36079","Putnam County, NY",".",".",".",".","0.12","0.077","10","4","1",".",".",".",".","."
"36081","Queens County, NY","3.4","1.9","69","19","0.1","0.076","25","15","3","26","9.4",".",".","."
"36083","Rensselaer County, NY",".",".",".",".","0.09","0.073","8","5","1",".",".",".",".","."
"36085","Richmond County, NY",".",".",".",".","0.11","0.085",".",".",".","26","9.7",".",".","."
"36087","Rockland County, NY",".",".",".",".","0.1","0.076",".",".",".",".",".",".",".","."
"36091","Saratoga County, NY",".",".",".",".","0.08","0.071",".",".",".",".",".",".",".","."
"36093","Schenectady County, NY","2.3","1.4",".",".","0.08","0.07","16","6","2",".",".",".",".","."
"36101","Steuben County, NY","0.3","0.3","14","1","0.07","0.068","14","6","1",".",".",".",".","."
"36103","Suffolk County, NY","1.2","0.5",".","9","0.11","0.085",".",".",".","26","8.4",".",".","."
"36109","Tompkins County, NY",".",".",".",".","0.08","0.073",".",".",".",".",".",".",".","."
"36111","Ulster County, NY",".",".",".",".","0.08","0.07","6","3","1",".",".",".",".","."
"36117","Wayne County, NY",".",".",".",".","0.08","0.071",".",".",".",".",".",".",".","."
"36119","Westchester County, NY",".",".",".",".","0.1","0.075",".",".",".","27","8.8",".",".","."
"37001","Alamance County, NC",".",".",".",".",".",".",".",".",".","20","11.1",".",".","."
"37003","Alexander County, NC",".",".",".",".","0.09","0.071",".",".",".",".",".",".",".","."
"37011","Avery County, NC",".",".",".",".","0.08","0.071",".",".",".",".",".",".",".","."
"37013","Beaufort County, NC",".",".",".",".",".",".","28","6","1",".",".",".",".","."
"37021","Buncombe County, NC",".",".",".",".","0.08","0.071",".",".",".","20","10.3",".",".","."
"37027","Caldwell County, NC",".",".",".",".","0.08","0.071",".",".",".",".",".",".",".","."
"37031","Carteret County, NC",".",".",".",".","0.08","0.065",".",".",".",".",".",".",".","."
"37033","Caswell County, NC",".",".",".",".","0.09","0.073",".",".",".","18","10.1",".",".","."
"37035","Catawba County, NC",".",".",".",".",".",".",".",".",".","27","12.4","33","17","."
"37037","Chatham County, NC",".",".",".",".","0.09","0.07",".",".",".","19","8.9",".",".","."
"37051","Cumberland County, NC",".",".",".",".","0.09","0.073",".",".",".","25","11.4","37","16","."
"37057","Davidson County, NC",".",".",".",".",".",".",".",".",".","24","12.1",".",".","."
"37059","Davie County, NC",".",".",".",".","0.09","0.072",".",".",".",".",".",".",".","."
"37061","Duplin County, NC",".",".",".",".",".",".",".",".",".","19","9.3","28","13","."
"37063","Durham County, NC",".",".",".",".","0.09","0.074",".",".",".","21","10.2",".",".","."
"37065","Edgecombe County, NC",".",".",".",".","0.08","0.072",".",".",".","21","9.7",".",".","."
"37067","Forsyth County, NC","2.7","1.9","49","9","0.1","0.081","15","4","0","24","10.8","47","19","."
"37069","Franklin County, NC",".",".",".",".","0.09","0.071",".",".",".",".",".",".",".","."
"37071","Gaston County, NC",".",".",".",".",".",".",".",".",".","22","10.8",".",".","."
"37075","Graham County, NC",".",".",".",".","0.08","0.075",".",".",".",".",".",".",".","."
"37077","Granville County, NC",".",".",".",".","0.09","0.074",".",".",".",".",".",".",".","."
"37081","Guilford County, NC",".",".",".",".","0.1","0.076",".",".",".","21","10.5","29","16","."
"37087","Haywood County, NC",".",".",".",".","0.08","0.074",".",".",".","24","10.6",".",".","."
"37099","Jackson County, NC",".",".",".",".","0.09","0.069",".",".",".","19","10.2",".",".","."
"37101","Johnston County, NC",".",".",".",".","0.09","0.074",".",".",".","20","9.8",".",".","."
"37107","Lenoir County, NC",".",".",".",".","0.08","0.069",".",".",".","20","9.5",".",".","."
"37109","Lincoln County, NC",".",".",".",".","0.1","0.072",".",".",".",".",".",".",".","."
"37111","McDowell County, NC",".",".",".",".",".",".",".",".",".","20","10.7",".",".","."
"37113","Macon County, NC",".",".",".",".","0.08","0.07",".",".",".",".",".",".",".","."
"37117","Martin County, NC",".",".",".",".","0.08","0.07","6","3","0","22","9",".",".","."
"37119","Mecklenburg County, NC","2.3","1.7","50","12","0.11","0.082","20","6","1","25","12.1","48","23","."
"37121","Mitchell County, NC",".",".",".",".",".",".",".",".",".","18","9.7",".",".","."
"37123","Montgomery County, NC",".",".",".",".","0.08","0.071",".",".",".","22","9.9",".",".","."
"37129","New Hanover County, NC",".",".",".",".","0.07","0.062","114","28","4","20","8",".",".","."
"37145","Person County, NC",".",".",".",".","0.09","0.074",".",".",".",".",".",".",".","."
"37147","Pitt County, NC",".",".",".",".","0.08","0.069",".",".",".","22","9.2",".",".","."
"37155","Robeson County, NC",".",".",".",".",".",".",".",".",".","25","10.6",".",".","."
"37157","Rockingham County, NC",".",".",".",".","0.09","0.074",".",".",".",".",".",".",".","."
"37159","Rowan County, NC","0.9","0.7",".",".","0.1","0.078",".",".",".","22","11",".",".","."
"37173","Swain County, NC",".",".",".",".","0.07","0.066",".",".",".","21","9.9",".",".","."
"37179","Union County, NC",".",".",".",".","0.09","0.071",".",".",".",".",".",".",".","."
"37183","Wake County, NC","2.4","1.6",".",".","0.09","0.073","12","6","1","25","11.1",".",".","."
"37189","Watauga County, NC",".",".",".",".",".",".",".",".",".","16","8.8",".",".","."
"37191","Wayne County, NC",".",".",".",".",".",".",".",".",".","21","10.6",".",".","."
"37199","Yancey County, NC",".",".",".",".","0.08","0.074",".",".",".",".",".",".",".","."
"38007","Billings County, ND",".",".",".",".","0.07","0.061","6","2","0","12","4.7",".",".","."
"38013","Burke County, ND",".",".","21","2","0.07","0.063","45","16","1",".",".","46","10","."
"38015","Burleigh County, ND",".",".","38","6","0.07","0.061","41","9","1","19","7.8","44","14","."
"38017","Cass County, ND","0.9","0.5","44","5","0.07","0.063","6","3","0","27","8.5","96","13","."
"38053","McKenzie County, ND",".",".","10","1","0.07","0.062","21","4","1",".",".","29","9","."
"38057","Mercer County, ND",".",".","26","3","0.07","0.061","54","14","1","15","6.4","43","12","."
"38065","Oliver County, ND",".",".","19","2","0.07","0.061","59","10","1",".",".",".",".","."
"38105","Williams County, ND",".",".",".",".",".",".","77","26","2",".",".",".",".","."
"39001","Adams County, OH",".",".",".",".",".",".","43","11","2",".",".",".",".","."
"39003","Allen County, OH",".",".",".",".","0.08","0.072","23","7","2",".",".","42","21","."
"39007","Ashtabula County, OH",".",".",".",".","0.09","0.083","20","8","2",".",".",".",".","."
"39009","Athens County, OH",".",".","26","4","0.08","0.07","71","17","5",".",".",".",".","."
"39013","Belmont County, OH",".",".",".",".",".",".","62","16","3",".",".",".",".","."
"39017","Butler County, OH",".",".",".",".","0.1","0.08",".",".",".","32","13.6","44","21","0.01"
"39023","Clark County, OH",".",".",".",".","0.09","0.075","28","12","1","30","13.1",".",".","."
"39025","Clermont County, OH",".",".",".",".","0.09","0.075",".",".",".","28","12",".",".","."
"39027","Clinton County, OH",".",".",".",".","0.09","0.076",".",".",".",".",".",".",".","."
"39029","Columbiana County, OH",".",".",".",".",".",".","47","22","3",".",".","56","24","0.06"
"39033","Crawford County, OH",".",".",".",".","0.08","0.066",".",".",".",".",".",".",".","."
"39035","Cuyahoga County, OH","8.8","3.5","58","16","0.09","0.075","76","36","6","33","14","72","31","0.53"
"39041","Delaware County, OH",".",".",".",".","0.09","0.074",".",".",".",".",".",".",".","."
"39047","Fayette County, OH",".",".",".",".","0.08","0.071",".",".",".",".",".",".",".","."
"39049","Franklin County, OH","2.7","1.7",".",".","0.09","0.077",".",".",".","34","13.1","126","32","0.01"
"39051","Fulton County, OH",".",".",".",".",".",".",".",".",".",".",".",".",".","0.08"
"39055","Geauga County, OH",".",".",".",".","0.09","0.081",".",".",".",".",".",".",".","."
"39057","Greene County, OH",".",".",".",".","0.09","0.07",".",".",".",".",".",".",".","."
"39061","Hamilton County, OH","1.3","0.9","54","15","0.1","0.08",".",".",".","35","15","59","25","."
"39063","Hancock County, OH",".",".",".",".",".",".",".",".",".",".",".","42","19","."
"39081","Jefferson County, OH",".",".",".",".","0.08","0.071","127","27","4","30","12.7","63","30","."
"39083","Knox County, OH",".",".",".",".","0.09","0.073",".",".",".",".",".",".",".","."
"39085","Lake County, OH","1.5","1.4",".",".","0.1","0.08","139","49","8","27","10.6","42","16","."
"39087","Lawrence County, OH",".",".",".",".","0.09","0.074",".",".",".","25","12.1","40","20","."
"39089","Licking County, OH",".",".",".",".","0.09","0.074",".",".",".",".",".",".",".","."
"39091","Logan County, OH",".",".",".",".",".",".",".",".",".",".",".",".",".","0.01"
"39093","Lorain County, OH",".",".",".",".","0.09","0.073",".",".",".","25","10.4","35","17","."
"39095","Lucas County, OH",".",".",".",".","0.09","0.075",".",".",".","39","11.7","87","24","."
"39097","Madison County, OH",".",".",".",".","0.08","0.073",".",".",".",".",".",".",".","."
"39099","Mahoning County, OH",".",".",".",".","0.09","0.071","48","13","2","33","12.8","49","22","."
"39103","Medina County, OH","1","0.8",".",".","0.08","0.07",".",".",".","29","10.8",".",".","."
"39105","Meigs County, OH",".",".",".",".",".",".","94","17","3",".",".",".",".","."
"39109","Miami County, OH",".",".",".",".","0.08","0.07",".",".",".",".",".",".",".","."
"39113","Montgomery County, OH","2.5","1.6",".",".","0.09","0.077",".",".",".","30","14","45","23","."
"39115","Morgan County, OH",".",".",".",".",".",".","167","40","4",".",".",".",".","."
"39121","Noble County, OH",".",".",".",".","0.09","0.076",".",".",".",".",".",".",".","."
"39133","Portage County, OH",".",".",".",".","0.08","0.071",".",".",".","32","11.2",".",".","."
"39135","Preble County, OH",".",".",".",".","0.08","0.071",".",".",".","30","12",".",".","."
"39145","Scioto County, OH",".",".",".",".",".",".","52","13","2","26","12","50","21","."
"39151","Stark County, OH","1.8","1.5",".",".","0.1","0.08",".",".",".","42","15",".",".","0.02"
"39153","Summit County, OH","2.2","1.7",".",".","0.08","0.076","38","23","2","32","13.2",".",".","."
"39155","Trumbull County, OH",".",".",".",".","0.09","0.076",".",".",".","31","11.9","44","19","."
"39157","Tuscarawas County, OH",".",".",".",".",".",".","58","18","4",".",".",".",".","."
"39165","Warren County, OH",".",".",".",".","0.09","0.076",".",".",".","27","11.9",".",".","."
"39167","Washington County, OH",".",".",".",".","0.09","0.076",".",".",".",".",".",".",".","0.01"
"39173","Wood County, OH",".",".",".",".","0.08","0.07",".",".",".",".",".",".",".","."
"40001","Adair County, OK","0.6","0.3",".","3","0.08","0.07",".",".",".","28","14.2",".",".","."
"40015","Caddo County, OK",".",".",".",".","0.08","0.069",".",".",".","23","8.9","39","20","."
"40017","Canadian County, OK",".",".",".",".","0.08","0.072",".",".",".",".",".",".",".","."
"40021","Cherokee County, OK",".",".",".",".","0.08","0.071",".",".",".",".",".",".",".","."
"40027","Cleveland County, OK",".",".",".",".","0.08","0.07",".",".",".",".",".",".",".","."
"40031","Comanche County, OK",".",".",".",".","0.08","0.067",".",".",".",".",".",".",".","."
"40037","Creek County, OK",".",".",".",".","0.08","0.069",".",".",".",".",".",".",".","."
"40043","Dewey County, OK",".",".",".",".","0.08","0.067",".",".",".",".",".",".",".","."
"40071","Kay County, OK",".",".",".",".","0.07","0.059","38","12","3",".",".",".",".","."
"40081","Lincoln County, OK",".",".",".",".","0.07","0.059",".",".",".",".",".",".",".","."
"40085","Love County, OK",".",".",".",".","0.08","0.07",".",".",".",".",".",".",".","."
"40087","McClain County, OK",".",".",".",".","0.07","0.068",".",".",".",".",".",".",".","."
"40089","McCurtain County, OK",".",".",".",".","0.08","0.066",".",".",".",".",".",".",".","."
"40097","Mayes County, OK",".",".",".",".","0.09","0.069",".",".",".","22","10.9",".",".","."
"40101","Muskogee County, OK",".",".",".",".",".",".","30","8","1","20","10.7","118","31","."
"40109","Oklahoma County, OK","1.6","0.8","47","9","0.09","0.072","6","4","1","19","9.5","41","22","."
"40113","Osage County, OK",".",".",".",".","0.08","0.068","45","22","4",".",".",".",".","."
"40115","Ottawa County, OK",".",".",".",".","0.08","0.068",".",".",".",".",".",".",".","."
"40121","Pittsburg County, OK",".",".",".",".","0.08","0.068",".",".",".","18","9.8",".",".","0"
"40143","Tulsa County, OK","3","1.8","38","8","0.09","0.073","63","26","5","22","10.7","74","24","."
"41005","Clackamas County, OR",".",".",".",".","0.09","0.066",".",".",".",".",".",".",".","."
"41009","Columbia County, OR",".",".",".",".","0.06","0.049",".",".",".",".",".",".",".","."
"41017","Deschutes County, OR",".",".",".",".","0.07","0.059",".",".",".","15","4.5",".",".","."
"41025","Harney County, OR",".",".",".",".",".",".",".",".",".","25","7.9",".",".","."
"41029","Jackson County, OR","2.4","1.7",".",".","0.08","0.061",".",".",".","19","7.1","31","13","."
"41033","Josephine County, OR",".",".",".",".",".",".",".",".",".","20","6.4",".",".","."
"41035","Klamath County, OR",".",".",".",".",".",".",".",".",".","35","9.8","43","17","."
"41037","Lake County, OR",".",".",".",".",".",".",".",".",".","26","7.5",".",".","."
"41039","Lane County, OR","1.9","1.3",".",".","0.08","0.06",".",".",".","33","8.9","39","13","."
"41047","Marion County, OR",".",".",".",".","0.08","0.057",".",".",".",".",".",".",".","."
"41051","Multnomah County, OR","2.8","2.4","33","9","0.07","0.054","8","3","1","17","6.3","29","15","."
"41059","Umatilla County, OR",".",".",".",".","0.07","0.063",".",".",".","18","6.9",".",".","."
"41061","Union County, OR",".",".",".",".",".",".",".",".",".","13","5.9",".",".","."
"41067","Washington County, OR",".",".",".",".","0.08","0.056",".",".",".","16","6.6",".",".","."
"41071","Yamhill County, OR",".",".",".",".",".",".",".",".",".",".",".",".",".","0.03"
"42001","Adams County, PA","0.7","0.5",".",".","0.11","0.074",".",".",".","31","11.7",".",".","."
"42003","Allegheny County, PA","3.4","2.5","51","15","0.11","0.083","141","26","7","49","16.3","93","28","0.14"
"42005","Armstrong County, PA",".",".",".",".","0.1","0.079",".",".",".","32","13.2",".",".","."
"42007","Beaver County, PA",".",".",".","11","0.09","0.077","161","40","7","29","12.6","69","22","0.24"
"42011","Berks County, PA","2.1","1","38","8","0.1","0.084","36","10","3","27","10.1","28","8","0.32"
"42013","Blair County, PA",".",".",".",".","0.1","0.072","36","19","5",".",".","52","16","."
"42017","Bucks County, PA","2.1","1.7","44","11","0.11","0.087","24","14","3","29","10.4",".",".","."
"42021","Cambria County, PA","1.7","1.1","43","10","0.09","0.072","56","19","4","32","13.6","63","19","."
"42027","Centre County, PA",".",".","33","5","0.08","0.073","26","10","2","26","9",".",".","."
"42029","Chester County, PA",".",".",".",".","0.1","0.077",".",".",".","35","13.8",".",".","."
"42033","Clearfield County, PA",".",".",".",".","0.09","0.077",".",".",".",".",".",".",".","."
"42041","Cumberland County, PA",".",".",".",".",".",".",".",".",".","31","10.2",".",".","."
"42043","Dauphin County, PA","1.3","1.1","40","11","0.1","0.077",".",".",".","33","12","44","17","."
"42045","Delaware County, PA",".",".","50","12","0.1","0.076","34","13","3","33","13.5","70","21","0.05"
"42047","Elk County, PA",".",".",".",".","0.08","0.068",".",".",".",".",".",".",".","."
"42049","Erie County, PA","1.7","1.1",".","8","0.09","0.075","28","14","6",".",".",".",".","."
"42055","Franklin County, PA",".",".",".",".","0.08","0.068",".",".",".",".",".",".",".","."
"42059","Greene County, PA",".",".",".",".","0.09","0.078",".",".",".",".",".",".",".","."
"42063","Indiana County, PA",".",".",".",".","0.09","0.082","95","22","5",".",".",".",".","0.05"
"42069","Lackawanna County, PA","1.3","0.9","43","9","0.09","0.074",".",".",".","28","9.7",".",".","."
"42071","Lancaster County, PA",".",".","42","8","0.1","0.082",".",".",".","34","11.7","44","16","."
"42073","Lawrence County, PA","1.8","1.7",".",".","0.09","0.068","53","16","2",".",".","78","25","."
"42077","Lehigh County, PA",".",".",".",".","0.1","0.08",".",".",".",".",".","39","15","."
"42079","Luzerne County, PA",".",".",".",".","0.08","0.07","17","9","1",".",".","48","15","."
"42081","Lycoming County, PA",".",".",".",".","0.09","0.073",".",".",".",".",".","36","16","."
"42085","Mercer County, PA",".",".",".",".","0.09","0.077",".",".",".",".",".",".",".","."
"42089","Monroe County, PA",".",".",".",".","0.09","0.078",".",".",".",".",".",".",".","."
"42091","Montgomery County, PA",".",".",".",".","0.1","0.081","15","8","2","26","9.5",".",".","."
"42095","Northampton County, PA","1.3","1.1","41","11","0.1","0.082","57","18","2","33","13.7","64","20","."
"42099","Perry County, PA",".",".","23","3","0.09","0.072","18","9","3",".",".",".",".","."
"42101","Philadelphia County, PA","3","1.8","62","23","0.1","0.088","25","18","3","32","11.3","82","25","0.03"
"42111","Somerset County, PA",".",".",".",".","0.08","0.072",".",".",".",".",".",".",".","."
"42117","Tioga County, PA",".",".",".",".","0.09","0.074",".",".",".",".",".",".",".","."
"42123","Warren County, PA",".",".",".",".",".",".","109","42","4",".",".",".",".","."
"42125","Washington County, PA","1.6","0.9","41","11","0.09","0.073","42","15","5","29","13.2","47","20","."
"42129","Westmoreland County, PA",".",".",".",".","0.09","0.076",".",".",".","32","14",".",".","0.05"
"42133","York County, PA","2.1","1.1","53","13","0.1","0.076","27","8","3","30","12","70","22","."
"44003","Kent County, RI",".",".",".",".","0.1","0.072",".",".",".","21","6.3","26","10","."
"44007","Providence County, RI","2.3","1.6","40","10","0.09","0.075","21","13","1","26","9.2","37","17","."
"44009","Washington County, RI",".",".",".",".","0.09","0.079",".",".",".",".",".",".",".","."
"45001","Abbeville County, SC",".",".",".",".","0.08","0.067",".",".",".",".",".",".",".","."
"45003","Aiken County, SC",".",".",".",".","0.08","0.066",".",".",".",".",".",".",".","."
"45007","Anderson County, SC",".",".",".",".","0.08","0.072",".",".",".",".",".",".",".","."
"45015","Berkeley County, SC",".",".",".",".","0.08","0.066",".",".",".",".",".",".",".","."
"45019","Charleston County, SC","0.5","0.3",".","8","0.09","0.068","21","10","1","23","9.9","49","17","."
"45021","Cherokee County, SC",".",".",".",".","0.08","0.072",".",".",".",".",".",".",".","."
"45025","Chesterfield County, SC",".",".",".",".","0.08","0.068",".",".",".","21","10.2","48","18","."
"45029","Colleton County, SC",".",".",".",".","0.08","0.069",".",".",".",".",".",".",".","."
"45031","Darlington County, SC",".",".",".",".","0.08","0.071",".",".",".",".",".",".",".","."
"45037","Edgefield County, SC",".",".",".",".","0.08","0.063",".",".",".","21","10.3",".",".","."
"45041","Florence County, SC",".",".",".",".",".",".",".",".",".","25","10.9",".",".","."
"45043","Georgetown County, SC",".",".",".",".",".",".",".",".",".",".",".","110","28","."
"45045","Greenville County, SC","1.7","1.1",".","11","0.08","0.07","15","3","1","24","12.6","42","17","."
"45051","Horry County, SC",".",".",".",".","0.07","0.066",".",".",".",".",".",".",".","."
"45063","Lexington County, SC",".",".",".",".",".",".","85","12","2","24","11.6","76","25","."
"45073","Oconee County, SC",".",".",".",".","0.07","0.069","5","2","0","20","8.6",".",".","."
"45077","Pickens County, SC",".",".",".",".","0.09","0.072",".",".",".",".",".",".",".","."
"45079","Richland County, SC","1.1","0.8",".","5","0.09","0.072","34","6","1","27","12","49","18","."
"45083","Spartanburg County, SC",".",".",".",".","0.09","0.076",".",".",".","23","11.4",".",".","."
"45091","York County, SC",".",".",".",".","0.08","0.065",".",".",".",".",".",".",".","."
"46011","Brookings County, SD",".",".",".",".","0.07","0.064",".",".",".","26","8.6","81","28","."
"46013","Brown County, SD",".",".",".",".",".",".",".",".",".","27","8.7","46","20","."
"46029","Codington County, SD",".",".",".",".",".",".",".",".",".","24","8.9","125","23","."
"46033","Custer County, SD",".",".",".",".","0.06","0.059","5","3","0","12","4.6","68","8","."
"46071","Jackson County, SD",".",".","5","1","0.07","0.058","9","3","1","14","3.9","31","8","."
"46093","Meade County, SD",".",".",".",".","0.07","0.057",".",".",".",".",".","29","14","."
"46099","Minnehaha County, SD",".",".","48","7","0.07","0.064","5","2","0","30","10.3","60","20","."
"46103","Pennington County, SD",".",".",".",".",".",".",".",".",".","27","7.5","97","25","."
"46127","Union County, SD","0.9","0.3","22","3","0.07","0.062","12","4","0","30","9.7","82","19","."
"47001","Anderson County, TN",".",".",".",".","0.09","0.073",".",".",".",".",".",".",".","."
"47009","Blount County, TN","0.8","0.4",".",".","0.09","0.081",".",".",".",".",".",".",".","."
"47011","Bradley County, TN",".",".",".",".",".",".","102","28","7",".",".","32","19","."
"47025","Claiborne County, TN",".",".",".",".","0.08","0.067",".",".",".",".",".",".",".","."
"47037","Davidson County, TN","2.9","2","46","13","0.09","0.071","14","6","2",".",".","42","22","."
"47041","DeKalb County, TN",".",".",".",".","0.08","0.071",".",".",".",".",".",".",".","."
"47065","Hamilton County, TN",".",".",".",".","0.09","0.077",".",".",".","28","13.3","38","18","."
"47089","Jefferson County, TN",".",".",".",".","0.1","0.079",".",".",".",".",".",".",".","."
"47093","Knox County, TN",".",".",".",".","0.09","0.074",".",".",".",".",".","48","21","0.03"
"47105","Loudon County, TN",".",".",".",".","0.09","0.076",".",".",".",".",".",".",".","."
"47107","McMinn County, TN",".",".","37","9",".",".","73","14","3",".",".","51","25","."
"47113","Madison County, TN",".",".",".",".",".",".",".",".",".",".",".","27","16","."
"47121","Meigs County, TN",".",".",".",".","0.08","0.074",".",".",".",".",".",".",".","."
"47125","Montgomery County, TN",".",".",".",".",".",".","51","12","4",".",".","34","20","."
"47145","Roane County, TN",".",".",".",".",".",".",".",".",".","25","12.4","44","24","."
"47149","Rutherford County, TN",".",".",".",".","0.08","0.073",".",".",".",".",".",".",".","."
"47155","Sevier County, TN",".",".",".",".","0.08","0.079","10","4","1",".",".",".",".","."
"47157","Shelby County, TN","2.5","1.8",".",".","0.09","0.076","10","5","3",".",".","43","21","."
"47163","Sullivan County, TN","1.4","1","49","10","0.09","0.072","232","35","7",".",".",".",".","0.08"
"47165","Sumner County, TN",".",".",".",".","0.1","0.078",".",".",".",".",".",".",".","."
"47173","Union County, TN",".",".",".",".",".",".",".",".",".",".",".","89","29","."
"47187","Williamson County, TN",".",".",".",".","0.08","0.074",".",".",".",".",".",".",".","."
"47189","Wilson County, TN",".",".",".",".","0.08","0.074",".",".",".",".",".",".",".","."
"48027","Bell County, TX",".",".",".",".","0.09","0.072",".",".",".",".",".",".",".","."
"48029","Bexar County, TX","2.1","1.3","32","4","0.1","0.078",".",".",".","16","8.7","55","19","."
"48039","Brazoria County, TX",".",".","34","5","0.11","0.088",".",".",".",".",".",".",".","."
"48043","Brewster County, TX",".",".",".",".","0.07","0.064",".",".",".",".",".",".",".","."
"48061","Cameron County, TX","1.4","0.8",".",".","0.08","0.068",".",".",".",".",".",".",".","0"
"48085","Collin County, TX",".",".",".",".","0.1","0.074",".",".",".",".",".",".",".","0.37"
"48113","Dallas County, TX","2.2","1.5","57","13","0.11","0.078","8","3","1","22","10.6","62","28","."
"48121","Denton County, TX",".",".","35","6","0.1","0.078",".",".",".",".",".",".",".","."
"48139","Ellis County, TX",".",".","43","7","0.09","0.072","17","5","1","22","9.6",".",".","."
"48141","El Paso County, TX","6.2","2.9","63","17","0.1","0.073","10","3","1","27","8.4","249","32","0.04"
"48167","Galveston County, TX",".",".","33","4","0.1","0.08","40","14","2",".",".",".",".","."
"48183","Gregg County, TX",".",".","42","7","0.09","0.078","76","10","1",".",".",".",".","."
"48201","Harris County, TX","3","1.7","60","15","0.13","0.087","46","12","2","24","12.3","82","35","0.01"
"48203","Harrison County, TX",".",".","24","4","0.09","0.074",".",".",".","22","10.4","40","16","."
"48215","Hidalgo County, TX",".",".",".",".","0.07","0.065",".",".",".",".",".","50","20","."
"48221","Hood County, TX",".",".",".",".","0.09","0.077",".",".",".",".",".",".",".","."
"48231","Hunt County, TX",".",".","29","5","0.07","0.064",".",".",".",".",".",".",".","."
"48245","Jefferson County, TX","1","0.5","39","8","0.1","0.081","81","18","2",".",".",".",".","."
"48251","Johnson County, TX",".",".",".",".","0.09","0.078",".",".",".",".",".",".",".","."
"48257","Kaufman County, TX",".",".","30","4","0.08","0.064","15","3","1",".",".",".",".","."
"48309","McLennan County, TX","0.4","0.3","27","3","0.08","0.066","7","6","0",".",".",".",".","."
"48339","Montgomery County, TX",".",".","34","5","0.09","0.077",".",".",".",".",".",".",".","."
"48349","Navarro County, TX",".",".","31","4","0.08","0.068","35","7","1",".",".",".",".","."
"48355","Nueces County, TX",".",".",".",".","0.08","0.074","43","10","1",".",".",".",".","."
"48361","Orange County, TX",".",".","34","5","0.1","0.077",".",".",".",".",".",".",".","."
"48367","Parker County, TX",".",".",".",".","0.09","0.07",".",".",".",".",".",".",".","."
"48373","Polk County, TX",".",".",".",".","0.08","0.074",".",".",".",".",".",".",".","."
"48381","Randall County, TX",".",".",".",".","0.07","0.061",".",".",".",".",".",".",".","."
"48397","Rockwall County, TX",".",".",".",".","0.1","0.073",".",".",".",".",".",".",".","."
"48423","Smith County, TX",".",".","26","4","0.08","0.072",".",".",".",".",".",".",".","."
"48439","Tarrant County, TX","1.6","1","57","10","0.11","0.085",".",".",".","23","10.8","44","19","."
"48453","Travis County, TX","1","0.5","21","3","0.09","0.074",".",".",".","18","10","34","17","."
"48469","Victoria County, TX",".",".",".",".","0.08","0.069",".",".",".",".",".",".",".","."
"48479","Webb County, TX","2","1.2",".",".","0.08","0.063",".",".",".",".",".","64","22","."
"49003","Box Elder County, UT",".",".",".",".","0.08","0.07",".",".",".","49","8.4",".",".","."
"49005","Cache County, UT",".",".",".","13","0.08","0.064",".",".",".","42","9.8","77","23","."
"49009","Daggett County, UT",".",".",".",".","0.07","0.062",".",".",".",".",".",".",".","."
"49011","Davis County, UT",".",".","50","14","0.1","0.074","13","5","1","44","9","51","18","."
"49035","Salt Lake County, UT","3.5","1.9",".",".","0.1","0.07","27","11","4","41","9.8","298","36","0.04"
"49037","San Juan County, UT",".",".",".",".","0.08","0.068",".",".",".",".",".",".",".","."
"49045","Tooele County, UT",".",".",".",".","0.1","0.074",".",".",".","32","6.7",".",".","."
"49047","Uintah County, UT",".",".","32","5","0.13","0.117",".",".",".",".",".",".",".","."
"49049","Utah County, UT","2.8","1.9","50","15","0.09","0.071",".",".",".","39","8.9","108","24","."
"49053","Washington County, UT",".",".",".",".","0.08","0.072",".",".",".","9","4",".",".","."
"49057","Weber County, UT","3.5","1.9",".","17","0.09","0.073",".",".",".","42","9.2","197","25","."
"50003","Bennington County, VT",".",".",".",".","0.08","0.068",".",".",".","22","6.9",".",".","."
"50007","Chittenden County, VT","1.6","1","38","9","0.07","0.063",".",".",".","25","7.2","30","13","."
"50021","Rutland County, VT","2.1","1.2","39","8",".",".","21","9","2","32","9.5","31","14","."
"51003","Albemarle County, VA",".",".",".",".","0.09","0.071",".",".",".","20","9.4",".",".","."
"51013","Arlington County, VA","2.2","1.7","52","13","0.1","0.087",".",".",".",".",".",".",".","."
"51033","Caroline County, VA",".",".",".",".","0.09","0.074",".",".",".",".",".",".",".","."
"51035","Carroll County, VA",".",".",".",".",".",".",".",".",".",".",".","25","14","."
"51036","Charles County, VA",".",".","56","5","0.1","0.078","44","9","2","21","9.4",".",".","."
"51041","Chesterfield County, VA",".",".",".",".","0.11","0.081",".",".",".","22","10.2",".",".","."
"51047","Culpeper County, VA",".",".",".",".",".",".",".",".",".",".",".","30","16","."
"51059","Fairfax County, VA",".",".",".",".","0.11","0.089",".",".",".","24","9.9",".",".","."
"51061","Fauquier County, VA",".",".",".",".","0.08","0.066",".",".",".",".",".",".",".","."
"51069","Frederick County, VA",".",".",".",".","0.08","0.071",".",".",".","25","10.8",".",".","."
"51071","Giles County, VA",".",".",".",".","0.08","0.072",".",".",".",".",".",".",".","."
"51085","Hanover County, VA",".",".",".",".","0.1","0.078",".",".",".",".",".",".",".","."
"51087","Henrico County, VA","1.4","1.3","46","11","0.09","0.079",".",".",".","22","10","31","16","."
"51101","King William County, VA",".",".",".",".",".",".",".",".",".",".",".","31","15","."
"51107","Loudoun County, VA",".",".","44","8","0.1","0.078",".",".",".","20","10.3",".",".","."
"51113","Madison County, VA",".",".",".",".","0.09","0.074",".",".",".",".",".",".",".","."
"51139","Page County, VA",".",".",".",".","0.08","0.069",".",".",".","24","10.2",".",".","."
"51147","Prince Edward County, VA",".",".",".",".","0.08","0.07",".",".",".",".",".",".",".","."
"51153","Prince William County, VA",".",".","30","5","0.09","0.073",".",".",".",".",".",".",".","."
"51161","Roanoke County, VA",".",".","41","8","0.08","0.073","10","7","1",".",".",".",".","."
"51163","Rockbridge County, VA",".",".",".",".","0.08","0.07",".",".",".",".",".",".",".","."
"51165","Rockingham County, VA",".",".","44","10","0.08","0.068","8","4","1","25","11.2",".",".","."
"51179","Stafford County, VA",".",".",".",".","0.1","0.078",".",".",".",".",".",".",".","."
"51187","Warren County, VA",".",".",".",".",".",".",".",".",".",".",".","28","17","."
"51197","Wythe County, VA",".",".",".",".","0.08","0.069",".",".",".",".",".",".",".","."
"51510","Alexandria City, VA","2","1.6","57","16","0.11","0.081","17","10","2","24","11.3","35","17","."
"51520","Bristol City, VA",".",".",".",".",".",".",".",".",".","21","10.8",".",".","."
"51630","Fredericksburg City, VA",".",".",".",".",".",".",".",".",".",".",".","40","18","."
"51650","Hampton City, VA","1.4","1.2",".",".","0.11","0.078",".",".",".",".",".",".",".","."
"51670","Hopewell City, VA",".",".",".",".",".",".",".",".",".",".",".",".",".","."
"51680","Lynchburg City, VA",".",".",".",".",".",".",".",".",".","20","9.7",".",".","."
"51700","Newport News City, VA","1.8","1.1",".",".",".",".",".",".",".",".",".",".",".","."
"51710","Norfolk City, VA",".",".",".",".",".",".",".",".",".","22","10.3","37","18","."
"51760","Richmond City, VA","2.4","1.8","57","12",".",".","39","9","2",".",".",".",".","."
"51770","Roanoke City, VA","1.7","1.3",".",".",".",".",".",".",".","23","10.2","33","19","0.11"
"51775","Salem City, VA",".",".",".",".",".",".",".",".",".","22","10.4",".",".","."
"51800","Suffolk City, VA",".",".",".",".","0.1","0.075",".",".",".",".",".",".",".","."
"51810","Virginia Beach City, VA","2.3","1.7",".",".",".",".","41","8","2","24","9.9",".",".","."
"51840","Winchester City, VA",".",".",".",".",".",".",".",".",".",".",".","32","16","."
"53009","Clallam County, WA","0.2","0.2",".",".","0.06","0.052",".",".",".",".",".",".",".","."
"53011","Clark County, WA",".",".",".",".","0.07","0.054",".",".",".","18","6.2",".",".","."
"53033","King County, WA","1.1","0.7",".",".","0.09","0.068","25","8","1",".",".",".",".","."
"53053","Pierce County, WA",".",".",".",".","0.08","0.058",".",".",".","21","7",".",".","."
"53057","Skagit County, WA",".",".","29","7","0.14","0.083",".",".",".",".",".",".",".","."
"53061","Snohomish County, WA",".",".",".",".",".",".",".",".",".","24","7.1",".",".","."
"53063","Spokane County, WA","3","1.9",".",".","0.07","0.058",".",".",".","23","7.6","43","21","."
"53067","Thurston County, WA",".",".",".",".","0.07","0.054",".",".",".",".",".",".",".","."
"53071","Walla Walla County, WA",".",".",".",".",".",".",".",".",".",".",".","84","16","."
"53073","Whatcom County, WA",".",".",".",".","0.06","0.048",".",".",".",".",".",".",".","."
"53077","Yakima County, WA",".",".",".",".",".",".",".",".",".","35","8.5",".",".","."
"54003","Berkeley County, WV",".",".",".",".","0.09","0.073",".",".",".","36","12.3",".",".","."
"54009","Brooke County, WV","1.1","0.8",".",".",".",".","143","42","9","38","14.4","59","22","."
"54011","Cabell County, WV",".",".",".",".","0.09","0.068","31","13","3","28","13.2",".",".","."
"54021","Gilmer County, WV",".",".",".",".","0.07","0.061",".",".",".",".",".",".",".","."
"54025","Greenbrier County, WV",".",".",".",".","0.08","0.069",".",".",".",".",".",".",".","."
"54029","Hancock County, WV","1.6","0.8",".",".","0.09","0.076","85","36","6","31","12.6","49","19","."
"54033","Harrison County, WV",".",".",".",".",".",".",".",".",".","22","12",".",".","."
"54039","Kanawha County, WV",".",".",".",".","0.09","0.07","51","21","4","25","13","49","19","."
"54051","Marshall County, WV",".",".",".",".",".",".","101","20","7","34","14.1",".",".","."
"54061","Monongalia County, WV",".",".",".",".","0.09","0.077","24","12","3","24","11.3",".",".","."
"54069","Ohio County, WV",".",".",".",".","0.09","0.076",".",".",".","28","12.9",".",".","."
"54081","Raleigh County, WV",".",".",".",".",".",".",".",".",".","21","10.3",".",".","."
"54093","Tucker County, WV",".",".",".",".","0.09","0.069",".",".",".",".",".",".",".","."
"54099","Wayne County, WV",".",".",".",".",".",".","44","17","3",".",".",".",".","."
"54107","Wood County, WV",".",".",".",".","0.09","0.073","84","22","6","28","13.4",".",".","."
"55003","Ashland County, WI",".",".",".",".","0.07","0.059",".",".",".","18","5.3",".",".","."
"55009","Brown County, WI",".",".",".",".","0.08","0.065","69","16","2","42","12.3",".",".","."
"55021","Columbia County, WI",".",".",".",".","0.07","0.063",".",".",".",".",".",".",".","."
"55025","Dane County, WI",".",".",".",".","0.07","0.061",".",".",".","30","10.1","39","19","."
"55027","Dodge County, WI","0.5","0.4",".",".","0.07","0.064",".",".",".","30","9.5","28","14","."
"55029","Door County, WI",".",".",".",".","0.1","0.077",".",".",".",".",".",".",".","."
"55037","Florence County, WI",".",".",".",".","0.07","0.06",".",".",".",".",".",".",".","."
"55039","Fond du Lac County, WI",".",".",".",".","0.07","0.062",".",".",".",".",".",".",".","."
"55041","Forest County, WI",".",".",".",".","0.07","0.061","8","5","2","22","6.5",".",".","."
"55043","Grant County, WI",".",".",".",".",".",".",".",".",".","30","10.3",".",".","."
"55055","Jefferson County, WI",".",".",".",".","0.08","0.066",".",".",".",".",".",".",".","."
"55059","Kenosha County, WI",".",".",".",".","0.09","0.081",".",".",".","23","10",".",".","."
"55061","Kewaunee County, WI",".",".",".",".","0.09","0.078",".",".",".",".",".",".",".","."
"55063","La Crosse County, WI",".",".",".",".","0.07","0.062",".",".",".","29","9.7",".",".","."
"55071","Manitowoc County, WI",".",".",".",".","0.09","0.077",".",".",".","30","9.2",".",".","."
"55073","Marathon County, WI",".",".",".",".","0.07","0.06",".",".",".",".",".",".",".","."
"55079","Milwaukee County, WI",".",".","50","13","0.1","0.082",".",".",".","33","11.3",".",".","."
"55085","Oneida County, WI",".",".",".",".","0.07","0.06","162","70","5",".",".",".",".","."
"55087","Outagamie County, WI",".",".",".",".","0.07","0.062",".",".",".","37","9.7",".",".","."
"55089","Ozaukee County, WI",".",".",".",".","0.09","0.078",".",".",".","28","9.3",".",".","."
"55101","Racine County, WI",".",".",".",".","0.09","0.078",".",".",".",".",".",".",".","."
"55105","Rock County, WI",".",".",".",".","0.07","0.066",".",".",".",".",".",".",".","."
"55109","St. Croix County, WI",".",".",".",".","0.09","0.065",".",".",".","27","9.2",".",".","."
"55111","Sauk County, WI",".",".",".",".","0.07","0.06",".",".",".","25","8.3",".",".","."
"55117","Sheboygan County, WI",".",".",".",".","0.1","0.085",".",".",".",".",".",".",".","0.15"
"55119","Taylor County, WI",".",".",".",".","0.07","0.063",".",".",".","33","8",".",".","."
"55123","Vernon County, WI",".",".",".",".","0.07","0.063",".",".",".",".",".",".",".","."
"55125","Vilas County, WI",".",".",".",".","0.07","0.061",".",".",".","21","5.7",".",".","."
"55127","Walworth County, WI",".",".",".",".","0.07","0.065",".",".",".",".",".",".",".","."
"55131","Washington County, WI",".",".",".",".","0.08","0.064",".",".",".",".",".",".",".","."
"55133","Waukesha County, WI",".",".",".",".","0.08","0.062",".",".",".","36","11.4","50","22","."
"56001","Albany County, WY",".",".",".",".","0.07","0.069",".",".",".","14","4.8","116","25","."
"56003","Big Horn County, WY",".",".",".",".","0.06","0.055",".",".",".",".",".",".",".","."
"56005","Campbell County, WY",".",".","34","7","0.07","0.063","52","19","2",".",".","135","32","."
"56007","Carbon County, WY",".",".","8","1","0.08","0.065",".",".",".",".",".",".",".","."
"56009","Converse County, WY",".",".",".",".",".",".",".",".",".",".",".","108","30","."
"56013","Fremont County, WY",".",".",".","1","0.07","0.068",".",".",".","32","9.3","56","20","."
"56021","Laramie County, WY",".",".",".",".",".",".",".",".",".","9","4.2","40","14","."
"56023","Lincoln County, WY",".",".",".",".",".",".",".",".",".",".",".","84","17","."
"56025","Natrona County, WY",".",".",".",".",".",".",".",".",".","12","4.6",".",".","."
"56029","Park County, WY",".",".",".",".",".",".",".",".",".","11","4.5",".",".","."
"56031","Platte County, WY",".",".",".",".",".",".",".",".",".",".",".","56","16","."
"56033","Sheridan County, WY",".",".",".",".",".",".",".",".",".","27","8.8","61","21","."
"56035","Sublette County, WY",".",".","39","3","0.08","0.067",".",".",".","18","6","32","9","."
"56037","Sweetwater County, WY",".",".","40","5","0.07","0.067",".",".",".",".",".","139","25","."
"56039","Teton County, WY","1.9","0.6",".",".","0.07","0.066",".",".",".","9","4.3","45","13","."
"56041","Uinta County, WY",".",".","15","1","0.07","0.065",".",".",".",".",".",".",".","."
"56045","Weston County, WY",".",".",".",".",".",".","15","6","0",".",".",".",".","."
"72013","Arecibo Municipio, PR",".",".",".",".",".",".",".",".",".",".",".",".",".","0.25"
"72021","Bayamon Municipio, PR","12.9","4",".",".",".",".","20","4","1",".",".",".",".","."
"72033","Catano Municipio, PR",".",".",".",".","0.09","0.043","70","11","2",".",".","145","25","."
"72053","Fajardo Municipio, PR",".",".",".",".",".",".",".",".",".",".",".","121","25","."
"72057","Guayama Municipio, PR",".",".",".",".",".",".","52","5","1",".",".","120","26","."
"72061","Guaynabo Municipio, PR",".",".",".",".",".",".",".",".",".",".",".","143","31","."
"72077","Juncos Municipio, PR",".",".",".",".","0.06","0.035",".",".",".",".",".",".",".","."
"72113","Ponce Municipio, PR",".",".",".",".",".",".",".",".",".",".",".","88","31","."
"72127","San Juan Municipio, PR","4.2","2.2",".",".",".",".",".",".",".",".",".",".",".","."
"78010","St Croix, VI",".",".",".",".",".",".","59","19","2","15","6.7","99","54","."
